{"level":"info","message":"User login in: knarang0909@gmail.com","timestamp":"2026-07-31T06:50:03.260Z"}
{"level":"info","message":"User logged in: knarang0909@gmail.com","timestamp":"2026-07-31T06:50:18.023Z"}
{"level":"info","message":"User logged in: knarang0909@gmail.com","timestamp":"2026-07-31T06:51:46.341Z"}
{"level":"warn","message":"Password do not match","timestamp":"2026-07-31T07:02:30.623Z"}
{"level":"info","message":"User logged out","timestamp":"2026-07-31T11:25:16.881Z"}
{"level":"info","message":"User logged in: knarang0909@gmail.com","timestamp":"2026-07-31T11:25:23.385Z"}
{"level":"warn","message":"Invalid email id:knarang0909@gmail.com","timestamp":"2026-07-31T11:25:41.594Z"}
{"level":"info","message":"Password reset token generated for: knarang0909@gmail.com","timestamp":"2026-07-31T11:25:48.744Z"}
{"level":"info","message":"User login in: knarang0909@gmail.com","timestamp":"2026-07-31T11:26:09.317Z"}
{"level":"info","message":"Password reset token generated for: knarang0909@gmail.com","timestamp":"2026-08-01T03:56:41.565Z"}
{"level":"info","message":"Password reset successful","timestamp":"2026-08-01T03:56:47.834Z"}
{"level":"info","message":"User logged in: knarang0909@gmail.com","timestamp":"2026-08-01T03:56:54.746Z"}
{"level":"info","message":"Password reset token generated for: knarang0909@gmail.com","timestamp":"2026-08-01T03:57:10.961Z"}
{"level":"warn","message":"Invalid or expired reset token: dcc62bd24ce287fd8003658107987ef1e9e5e2dd97d3ac9f819d2f7566d1d1aa","timestamp":"2026-08-01T03:57:16.565Z"}
{"level":"warn","message":"Invalid or expired reset token: dcc62bd24ce287fd8003658107987ef1e9e5e2dd97d3ac9f819d2f7566d1d1aa","timestamp":"2026-08-01T03:59:13.289Z"}
{"level":"warn","message":"Invalid or expired reset token: dcc62bd24ce287fd8003658107987ef1e9e5e2dd97d3ac9f819d2f7566d1d1aa","timestamp":"2026-08-01T04:01:24.927Z"}
{"level":"warn","message":"Invalid or expired reset token: dcc62bd24ce287fd8003658107987ef1e9e5e2dd97d3ac9f819d2f7566d1d1aa","timestamp":"2026-08-01T04:01:29.610Z"}
{"level":"warn","message":"Invalid or expired reset token: dcc62bd24ce287fd8003658107987ef1e9e5e2dd97d3ac9f819d2f7566d1d1aa","timestamp":"2026-08-01T04:01:35.439Z"}
{"level":"info","message":"Password reset token generated for: knarang0909@gmail.com","timestamp":"2026-08-01T04:01:44.155Z"}
{"level":"info","message":"User login in: knarang0909@gmail.com","timestamp":"2026-08-01T04:02:16.292Z"}
{"level":"warn","message":"Invalid email id:knarang0909@gmail.com","timestamp":"2026-08-01T04:02:27.044Z"}
{"level":"info","message":"Feedback staue updat for 6a6d7e0798b792fefaa85923 and message sent successfully An email share to you kindly check","timestamp":"2026-08-01T05:03:59.830Z"}
{"level":"info","message":"Feedback staue updat for 6a6d7e9698b792fefaa85924 and message sent successfully We wil look into this","timestamp":"2026-08-01T05:05:43.263Z"}
{"level":"error","message":"Wrong with db","timestamp":"2026-08-01T05:07:06.853Z"}
{"level":"error","message":"Wrong with db","timestamp":"2026-08-01T05:07:39.519Z"}
{"level":"info","message":"Feedback status update for 6a6d7e0798b792fefaa85923 and message sent successfully ","timestamp":"2026-08-01T05:19:55.962Z"}
{"level":"info","message":"User login in: knarang0909@gmail.com","timestamp":"2026-08-01T07:15:29.282Z"}
{"level":"error","message":"roomRepo.addRoom is not a function","timestamp":"2026-08-01T07:16:07.420Z"}
{"level":"error","message":"Wrong with db","timestamp":"2026-08-01T07:17:03.933Z"}
{"level":"error","message":"Wrong with db","timestamp":"2026-08-01T07:17:35.833Z"}
{"level":"error","message":"Wrong with db","timestamp":"2026-08-01T07:20:34.209Z"}
{"level":"error","message":"hotelId is not defined","timestamp":"2026-08-01T07:20:55.583Z"}
{"level":"info","message":"Room added successfully!","timestamp":"2026-08-01T07:21:20.068Z"}
{"level":"info","message":"Room added successfully!","timestamp":"2026-08-01T07:22:07.128Z"}
{"level":"info","message":"Room added successfully!","timestamp":"2026-08-01T07:28:36.572Z"}
{"level":"info","message":"Room added successfully!","timestamp":"2026-08-01T07:29:59.418Z"}
{"level":"info","message":"Room deleted successfully 6a6da077302c8b5ed22de3af","timestamp":"2026-08-01T07:30:28.676Z"}
{"level":"info","message":"Room added successfully!","timestamp":"2026-08-01T10:37:56.720Z"}
{"level":"info","message":"Room update successfully 6a6dcc8414d13d3f656e8642","timestamp":"2026-08-01T10:41:10.071Z"}
{"level":"info","message":"Room update successfully 6a6dcc8414d13d3f656e8642","timestamp":"2026-08-01T10:42:01.455Z"}
{"level":"info","message":"Room update successfully 6a6dcc8414d13d3f656e8642","timestamp":"2026-08-01T10:44:31.349Z"}
{"level":"info","message":"Room update successfully 6a6dcc8414d13d3f656e8642","timestamp":"2026-08-01T10:46:06.654Z"}
{"level":"info","message":"Room update successfully 6a6dcc8414d13d3f656e8642","timestamp":"2026-08-01T10:47:14.775Z"}
{"level":"info","message":"Room added successfully!","timestamp":"2026-08-01T10:57:14.952Z"}
{"level":"info","message":"Room deleted successfully 6a6dd10a920cce48251d2948","timestamp":"2026-08-01T10:59:47.502Z"}
{"level":"info","message":"Room update successfully 6a6dcc8414d13d3f656e8642","timestamp":"2026-08-01T10:59:54.204Z"}
{"level":"info","message":"User login in: knarang0909@gmail.com","timestamp":"2026-08-02T05:40:12.133Z"}
{"level":"error","message":"Wrong with db","timestamp":"2026-08-02T05:40:54.674Z"}
{"level":"info","message":"Room added successfully!","timestamp":"2026-08-02T05:41:42.070Z"}
{"level":"error","message":"Wrong with db","timestamp":"2026-08-02T05:42:33.651Z"}
{"level":"info","message":"Room added successfully!","timestamp":"2026-08-02T05:43:10.024Z"}
{"level":"info","message":"Room update successfully 6a6ed8962b2bcc0d92e39080","timestamp":"2026-08-02T05:43:22.489Z"}
{"level":"info","message":"Room update successfully 6a6dcc8414d13d3f656e8642","timestamp":"2026-08-02T05:43:30.730Z"}
{"level":"info","message":"Room added successfully!","timestamp":"2026-08-02T05:58:14.720Z"}
{"level":"error","message":"Wrong with db","timestamp":"2026-08-02T05:58:30.709Z"}
{"level":"info","message":"Room update successfully 6a6edc76a89bef6fcd652e2c","timestamp":"2026-08-02T05:58:36.195Z"}
{"level":"info","message":"Feedback status update for 6a6edd3470384f20f0d0484d and message sent successfully ","timestamp":"2026-08-02T06:01:34.175Z"}
{"level":"error","message":"Cannot destructure property 'id' of 'req.body' as it is undefined.","timestamp":"2026-08-02T06:09:11.858Z"}
{"level":"info","message":"User logged in: knarang0909@gmail.com","timestamp":"2026-08-02T06:45:54.065Z"}
{"level":"info","message":"User logged out","timestamp":"2026-08-02T06:45:58.752Z"}
{"level":"info","message":"User logged in: knarang0909@gmail.com","timestamp":"2026-08-02T06:46:04.480Z"}
{"level":"info","message":"User logged in: knarang0909@gmail.com","timestamp":"2026-08-02T06:47:16.135Z"}
{"level":"info","message":"User logged in: knarang0909@gmail.com","timestamp":"2026-08-02T06:47:55.433Z"}
{"level":"info","message":"User logged in: knarang0909@gmail.com","timestamp":"2026-08-02T06:49:30.916Z"}
{"level":"error","message":"Wrong with db","timestamp":"2026-08-02T07:10:51.523Z"}
{"level":"error","message":"er is not defined","timestamp":"2026-08-02T07:11:23.414Z"}
{"level":"error","message":"Wrong with db","timestamp":"2026-08-02T07:11:44.145Z"}
{"level":"error","message":"Wrong with db","timestamp":"2026-08-02T07:12:36.339Z"}
{"level":"warn","message":"Room is not available for these dates","timestamp":"2026-08-02T07:14:49.856Z"}
{"level":"error","message":"startDate is not defined","timestamp":"2026-08-02T07:16:34.332Z"}
{"level":"warn","message":"Room is not available for these dates","timestamp":"2026-08-02T07:17:34.594Z"}
{"level":"warn","message":"Room is not available for these dates","timestamp":"2026-08-02T07:18:13.690Z"}
{"level":"error","message":"startdate is not defined","timestamp":"2026-08-02T07:19:11.347Z"}
{"level":"error","message":"Wrong with db","timestamp":"2026-08-02T07:24:13.129Z"}
{"level":"error","message":"Wrong with db","timestamp":"2026-08-02T07:24:55.899Z"}
{"level":"info","message":"User logged in: knarang0909@gmail.com","timestamp":"2026-08-04T06:15:04.098Z"}
{"level":"info","message":"User login in: knarang0909@gmail.com","timestamp":"2026-08-05T05:26:00.949Z"}
{"level":"info","message":"User logged in: knarang0909@gmail.com","timestamp":"2026-08-05T05:27:05.354Z"}
{"level":"info","message":"User logged in: knarang0909@gmail.com","timestamp":"2026-08-05T05:27:08.926Z"}
{"level":"info","message":"User logged in: knarang0909@gmail.com","timestamp":"2026-08-05T05:27:39.963Z"}
{"level":"info","message":"Completed for this 6a71b1f41d1075a9f31cbba7 id have been updated","timestamp":"2026-08-05T05:28:54.019Z"}
{"level":"info","message":"Cancelled for this 6a72caab8bea320c7e55cba4 id have been updated","timestamp":"2026-08-05T05:31:44.656Z"}
{"level":"info","message":"Confirmed for this 6a72cad88bea320c7e55cba5 id have been updated","timestamp":"2026-08-05T05:32:19.652Z"}
{"level":"warn","message":"Room is not available for Sat Aug 15 2026 05:30:00 GMT+0530 (India Standard Time)","timestamp":"2026-08-05T05:32:37.490Z"}
{"level":"info","message":"User logged in: knarang0909@gmail.com","timestamp":"2026-08-05T05:37:41.309Z"}
{"level":"info","message":"User logged out","timestamp":"2026-08-05T05:46:46.831Z"}
{"level":"info","message":"User login in: knarang0909@gmail.com","timestamp":"2026-08-05T05:47:01.850Z"}
{"level":"info","message":"Cancelled for this 6a72ce32541cc0f4368a0343 id have been updated","timestamp":"2026-08-05T05:47:31.546Z"}
{"level":"info","message":"User login in: knarang0909@gmail.com","timestamp":"2026-08-05T10:17:58.368Z"}
{"level":"error","message":"res.clearCookies is not a function","timestamp":"2026-08-05T10:18:59.250Z"}
{"level":"info","message":"Admin logout","timestamp":"2026-08-05T10:19:28.533Z"}
{"level":"info","message":"User login in: knarang0909@gmail.com","timestamp":"2026-08-05T10:19:35.644Z"}
{"level":"info","message":"Admin login in: knarang0909@gmail.com","timestamp":"2026-08-05T10:26:08.459Z"}
{"level":"info","message":"Admin login in: knarang0909@gmail.com","timestamp":"2026-08-05T10:28:18.120Z"}
{"level":"info","message":"Admin login in: knarang0909@gmail.com","timestamp":"2026-08-05T10:29:32.255Z"}
{"level":"info","message":"Admin login in: knarang0909@gmail.com","timestamp":"2026-08-05T10:31:36.722Z"}
{"level":"info","message":"Admin login in: knarang0909@gmail.com","timestamp":"2026-08-05T10:32:04.826Z"}
{"level":"info","message":"Admin login in: knarang0909@gmail.com","timestamp":"2026-08-05T10:34:56.295Z"}
{"level":"info","message":"Admin login in: knarang0909@gmail.com","timestamp":"2026-08-05T10:35:47.454Z"}
{"level":"info","message":"Admin login in: knarang0909@gmail.com","timestamp":"2026-08-05T10:38:18.739Z"}
{"level":"info","message":"Admin login in: knarang0909@gmail.com","timestamp":"2026-08-05T10:38:36.042Z"}
{"level":"info","message":"Admin login in: knarang0909@gmail.com","timestamp":"2026-08-05T10:38:58.329Z"}
{"level":"info","message":"Admin login in: knarang0909@gmail.com","timestamp":"2026-08-05T10:39:19.923Z"}
{"level":"error","message":"Cannot read properties of undefined (reading 'getAll')","timestamp":"2026-08-05T10:54:45.157Z"}
{"level":"info","message":"Room deleted successfully 6a6dcc8414d13d3f656e8642","timestamp":"2026-08-05T11:00:34.635Z"}
{"level":"info","message":"Room deleted successfully 6a6ed8962b2bcc0d92e39080","timestamp":"2026-08-05T11:00:35.772Z"}
{"level":"info","message":"Room deleted successfully 6a6ed8ee875ac06a14c8c0bc","timestamp":"2026-08-05T11:00:37.111Z"}
{"level":"info","message":"Room deleted successfully 6a6edc76a89bef6fcd652e2c","timestamp":"2026-08-05T11:00:39.257Z"}
{"level":"info","message":"User logged in: knarang0909@gmail.com","timestamp":"2026-08-07T04:33:06.433Z"}
{"level":"info","message":"User logged in: knarang0909@gmail.com","timestamp":"2026-08-07T04:33:40.318Z"}
{"level":"info","message":"User logged in: knarang0909@gmail.com","timestamp":"2026-08-07T04:33:57.948Z"}
{"level":"info","message":"User logged in: knarang0909@gmail.com","timestamp":"2026-08-07T04:35:04.913Z"}
{"level":"info","message":"User logged in: knarang0909@gmail.com","timestamp":"2026-08-07T04:35:48.526Z"}
{"level":"info","message":"Admin logout","timestamp":"2026-08-07T04:49:59.653Z"}
{"level":"info","message":"Admin login in: knarang0909@gmail.com","timestamp":"2026-08-07T04:50:07.446Z"}
{"level":"info","message":"Room added successfully!","timestamp":"2026-08-07T04:51:14.272Z"}
{"level":"info","message":"Confirmed for this 6a75645b18d60df0fe7ad47f id have been updated","timestamp":"2026-08-07T04:52:09.193Z"}
{"level":"info","message":"Completed for this 6a75645b18d60df0fe7ad47f id have been updated","timestamp":"2026-08-07T04:52:37.665Z"}
{"level":"info","message":"Confirmed for this 6a72cad88bea320c7e55cba5 id have been updated","timestamp":"2026-08-07T05:02:08.653Z"}
{"level":"error","message":"Wrong with db","timestamp":"2026-08-07T06:06:48.873Z"}
{"level":"error","message":"Wrong with db","timestamp":"2026-08-07T06:07:47.796Z"}
{"level":"info","message":"Hotel Forutne BrandMat in kashmir created scucessfully ","timestamp":"2026-08-07T06:08:47.441Z"}
{"level":"error","message":"Wrong with db","timestamp":"2026-08-07T06:14:50.852Z"}
{"level":"error","message":"Wrong with db","timestamp":"2026-08-07T06:15:15.002Z"}
{"level":"error","message":"Wrong with db","timestamp":"2026-08-07T06:15:39.236Z"}
{"level":"info","message":"Room added successfully!","timestamp":"2026-08-07T06:19:31.066Z"}
{"level":"error","message":"Wrong with db","timestamp":"2026-08-07T06:21:37.433Z"}
{"level":"error","message":"Wrong with db","timestamp":"2026-08-07T06:22:12.564Z"}
{"level":"info","message":"Hotel Leela Gardan Brandemate in Delhi created scucessfully ","timestamp":"2026-08-07T06:23:19.814Z"}
{"level":"info","message":"Room added successfully!","timestamp":"2026-08-07T06:24:13.572Z"}
{"level":"error","message":"Wrong with db","timestamp":"2026-08-07T06:32:46.039Z"}
{"level":"error","message":"Wrong with db","timestamp":"2026-08-07T06:33:12.125Z"}
{"level":"info","message":"Hotel delete by admin successfully 6a75766f5c45d9cff30da4dd","timestamp":"2026-08-07T06:33:49.230Z"}
{"level":"info","message":"Hotel delete by admin successfully 6a7579d7f4fcb2f4a38fe2c0","timestamp":"2026-08-07T06:33:54.777Z"}
{"level":"info","message":"Room deleted successfully 6a757a0df4fcb2f4a38fe2c1","timestamp":"2026-08-07T06:40:43.987Z"}
{"level":"info","message":"Room deleted successfully 6a7578f313cf2bc077c64f66","timestamp":"2026-08-07T06:40:45.161Z"}
{"level":"info","message":"Hotel Forutne BrandMat in kashmir created scucessfully ","timestamp":"2026-08-07T06:41:18.297Z"}
{"level":"info","message":"Room added successfully!","timestamp":"2026-08-07T06:41:53.093Z"}
{"level":"warn","message":"Hotel not found 6a757e0e6d99eae48d095220","timestamp":"2026-08-07T06:42:09.618Z"}
{"level":"warn","message":"Hotel not found 6a757e0e6d99eae48d095220","timestamp":"2026-08-07T06:42:19.677Z"}
{"level":"info","message":"Hotel and all its rooms deleted successfully 6a757e0e6d99eae48d095220","timestamp":"2026-08-07T06:43:48.756Z"}
{"level":"info","message":"User logged out","timestamp":"2026-08-07T06:45:25.935Z"}
{"level":"info","message":"Admin logout","timestamp":"2026-08-07T14:46:14.923Z"}
{"level":"info","message":"Admin logout","timestamp":"2026-08-07T14:46:21.110Z"}
{"level":"info","message":"Admin login in: knarang0909@gmail.com","timestamp":"2026-08-07T14:51:33.969Z"}
{"level":"info","message":"Admin logout","timestamp":"2026-08-07T14:57:43.184Z"}
{"level":"info","message":"Admin login in: knarang0909@gmail.com","timestamp":"2026-08-07T14:57:51.593Z"}
{"level":"info","message":"User logged in: knarang0909@gmail.com","timestamp":"2026-08-07T14:59:44.928Z"}
{"level":"error","message":"Wrong with db","timestamp":"2026-08-07T15:17:23.934Z"}
{"level":"info","message":"Hotel Forutne BrandMat in kashmir created scucessfully ","timestamp":"2026-08-07T15:19:35.662Z"}
{"level":"info","message":"Room added successfully!","timestamp":"2026-08-07T15:21:38.735Z"}
{"level":"info","message":"Hotel and all its rooms deleted successfully 6a75f787256e268110655f1e","timestamp":"2026-08-07T15:22:14.309Z"}
{"level":"info","message":"Hotel Forutne BrandMat in kashmir created scucessfully ","timestamp":"2026-08-07T15:28:26.295Z"}
{"level":"info","message":"Hotel Leela Gardan Brandemate in Delhi created scucessfully ","timestamp":"2026-08-07T15:28:56.272Z"}
{"level":"info","message":"Room added successfully!","timestamp":"2026-08-07T15:30:47.216Z"}
{"level":"info","message":"Room added successfully!","timestamp":"2026-08-07T15:31:46.212Z"}
{"level":"info","message":"Completed for this 6a75fe0c51cbf716329f19c8 id have been updated","timestamp":"2026-08-07T15:47:56.721Z"}
{"level":"info","message":"Cancelled for this 6a75fe9051cbf716329f19c9 id have been updated","timestamp":"2026-08-07T15:49:57.463Z"}
{"level":"info","message":"Confirmed for this 6a75fef6b200bd8af040b9ea id have been updated","timestamp":"2026-08-07T15:51:29.437Z"}
{"level":"info","message":"User logged in: knarang0909@gmail.com","timestamp":"2026-08-07T16:03:44.895Z"}
{"level":"info","message":"User logged out","timestamp":"2026-08-07T16:03:47.030Z"}
{"level":"info","message":"Admin logout","timestamp":"2026-08-07T16:04:02.449Z"}
{"level":"info","message":"User logged in: knarang0909@gmail.com","timestamp":"2026-08-08T04:24:36.147Z"}
{"level":"warn","message":"Login failed: Invalid password (knarang0909@gmail.com)","timestamp":"2026-08-08T04:25:57.022Z"}
{"level":"info","message":"User logged in: knarang0909@gmail.com","timestamp":"2026-08-08T04:26:06.786Z"}
{"level":"info","message":"Admin login in: knarang0909@gmail.com","timestamp":"2026-08-08T04:46:08.726Z"}
{"level":"info","message":"Admin Profile Updated 6a6c38f7685b458da4b8db20","timestamp":"2026-08-08T12:17:56.590Z"}
{"level":"info","message":"User Profile Updated 6a6997603b39d936f85df4f1","timestamp":"2026-08-08T12:18:28.652Z"}
{"level":"info","message":"User Profile Updated 6a6997603b39d936f85df4f1","timestamp":"2026-08-08T12:32:27.571Z"}
{"level":"info","message":"Admin logout","timestamp":"2026-08-08T12:32:40.887Z"}
{"level":"info","message":"Admin login in: knarang0909@gmail.com","timestamp":"2026-08-08T12:32:53.367Z"}
{"level":"info","message":"User logged out","timestamp":"2026-08-08T12:33:40.159Z"}
{"level":"info","message":"User logged in: knarang0909@gmail.com","timestamp":"2026-08-08T12:33:45.749Z"}
{"level":"info","message":"Admin logout","timestamp":"2026-08-08T12:34:21.033Z"}
{"level":"info","message":"User logged out","timestamp":"2026-08-08T12:34:53.281Z"}
{"level":"info","message":"Admin login in: knarang0909@gmail.com","timestamp":"2026-08-08T12:39:02.191Z"}
{"level":"info","message":"User logged in: knarang0909@gmail.com","timestamp":"2026-08-08T12:40:42.465Z"}
{"level":"info","message":"User Profile Updated 6a6997603b39d936f85df4f1","timestamp":"2026-08-08T12:42:24.891Z"}
{"level":"error","message":"Wrong with db","timestamp":"2026-08-08T12:48:49.919Z"}
{"level":"info","message":"Hotel The Grand Bharat in Delhi created scucessfully ","timestamp":"2026-08-08T12:49:03.420Z"}
{"level":"info","message":"Room added successfully!","timestamp":"2026-08-08T12:50:07.449Z"}
{"level":"info","message":"Admin Profile Updated 6a6c38f7685b458da4b8db20","timestamp":"2026-08-08T12:52:00.640Z"}
{"level":"info","message":"User logged out","timestamp":"2026-08-08T12:52:05.340Z"}
{"level":"info","message":"Hotel and all its rooms deleted successfully 6a7725bf724e5ea22b6a649f","timestamp":"2026-08-08T12:55:25.195Z"}
{"level":"info","message":"Hotel The Grand Bharat in Delhi created scucessfully ","timestamp":"2026-08-08T12:55:56.741Z"}
{"level":"info","message":"Hotel The Grand Haven - Stay Grand. Feel at Home in Delhi created scucessfully ","timestamp":"2026-08-08T13:05:20.980Z"}
{"level":"info","message":"Hotel and all its rooms deleted successfully 6a77299029c4da4dd03b82df","timestamp":"2026-08-08T13:05:55.713Z"}
{"level":"info","message":"Hotel The Grand Haven - Stay Grand. Feel at Home in Delhi created scucessfully ","timestamp":"2026-08-08T13:06:26.367Z"}
{"level":"info","message":"Hotel Royal Vista Retreat - A Royal Stay, Every Time in Jaipur created scucessfully ","timestamp":"2026-08-08T13:08:15.470Z"}
{"level":"info","message":"Hotel SereneStay Hotels & Resorts -Relax. Recharge. Reconnect in Shimla created scucessfully ","timestamp":"2026-08-08T13:09:52.896Z"}
{"level":"info","message":"Room added successfully!","timestamp":"2026-08-08T13:14:19.033Z"}
{"level":"info","message":"Room added successfully!","timestamp":"2026-08-08T13:16:55.599Z"}
{"level":"info","message":"Room added successfully!","timestamp":"2026-08-08T13:18:59.215Z"}
{"level":"info","message":"User logged in: knarang0909@gmail.com","timestamp":"2026-08-08T13:19:22.647Z"}
{"level":"info","message":"Confirmed for this 6a772cf529c4da4dd03b82e6 id have been updated","timestamp":"2026-08-09T04:00:08.883Z"}
{"level":"info","message":"Destination added successfully!","timestamp":"2026-08-09T05:17:10.329Z"}
{"level":"info","message":"Destination deleted successfully 6a780d565f44150c7d24a728!","timestamp":"2026-08-09T05:19:11.687Z"}
{"level":"info","message":"Destination added successfully!","timestamp":"2026-08-09T05:19:44.855Z"}
{"level":"info","message":"Destination added successfully!","timestamp":"2026-08-09T05:25:05.686Z"}
{"level":"info","message":"Destination deleted successfully 6a780f315a84aa924e1eab83!","timestamp":"2026-08-09T05:25:12.973Z"}
{"level":"info","message":"Destination deleted successfully 6a780df066edb59c64c258ce!","timestamp":"2026-08-09T05:25:14.101Z"}
{"level":"info","message":"Destination added successfully!","timestamp":"2026-08-09T05:26:33.074Z"}
{"level":"info","message":"Destination added successfully!","timestamp":"2026-08-09T05:27:42.396Z"}
{"level":"info","message":"Destination added successfully!","timestamp":"2026-08-09T05:28:55.921Z"}
{"level":"info","message":"Destination added successfully!","timestamp":"2026-08-09T05:29:42.316Z"}
{"level":"info","message":"Room update successfully 6a772cc329c4da4dd03b82e5","timestamp":"2026-08-09T05:36:59.795Z"}
{"level":"error","message":"Wrong with db","timestamp":"2026-08-09T05:47:23.132Z"}
{"level":"error","message":"Wrong with db","timestamp":"2026-08-09T05:47:28.608Z"}
{"level":"info","message":"Admin login in: knarang0909@gmail.com","timestamp":"2026-08-10T04:06:46.621Z"}
{"level":"info","message":"Admin logout","timestamp":"2026-08-10T04:08:20.272Z"}
{"level":"info","message":"Admin login in: knarang0909@gmail.com","timestamp":"2026-08-10T04:09:20.019Z"}
{"level":"info","message":"User logged in: knarang0909@gmail.com","timestamp":"2026-08-10T04:10:24.541Z"}
{"level":"error","message":"Wrong with db","timestamp":"2026-08-10T04:18:03.073Z"}
{"level":"error","message":"Wrong with db","timestamp":"2026-08-10T04:30:41.090Z"}
{"level":"error","message":"Wrong with db","timestamp":"2026-08-10T04:32:14.775Z"}
{"level":"error","message":"Wrong with db","timestamp":"2026-08-10T04:33:30.045Z"}
{"level":"error","message":"Wrong with db","timestamp":"2026-08-10T04:38:01.271Z"}
{"level":"error","message":"Wrong with db","timestamp":"2026-08-10T04:40:13.871Z"}
{"level":"error","message":"Wrong with db","timestamp":"2026-08-10T04:40:58.363Z"}
{"level":"error","message":"Wrong with db","timestamp":"2026-08-10T04:44:22.896Z"}
{"level":"error","message":"Wrong with db","timestamp":"2026-08-10T04:46:21.123Z"}
{"level":"error","message":"Wrong with db","timestamp":"2026-08-10T04:47:13.371Z"}
{"level":"error","message":"Wrong with db","timestamp":"2026-08-10T04:48:24.292Z"}
{"level":"error","message":"Wrong with db","timestamp":"2026-08-10T04:49:22.666Z"}
{"level":"error","message":"Wrong with db","timestamp":"2026-08-10T04:50:50.904Z"}
{"level":"error","message":"Wrong with db","timestamp":"2026-08-10T04:51:13.636Z"}
{"level":"error","message":"Wrong with db","timestamp":"2026-08-10T04:52:01.625Z"}
{"level":"error","message":"Wrong with db","timestamp":"2026-08-10T04:52:36.422Z"}
{"level":"error","message":"Wrong with db","timestamp":"2026-08-10T04:52:54.453Z"}
{"level":"error","message":"Wrong with db","timestamp":"2026-08-10T04:54:02.791Z"}
{"level":"error","message":"Wrong with db","timestamp":"2026-08-10T04:54:04.694Z"}
{"level":"error","message":"Wrong with db","timestamp":"2026-08-10T04:54:06.018Z"}
{"level":"error","message":"Wrong with db","timestamp":"2026-08-10T04:54:15.610Z"}
{"level":"error","message":"Wrong with db","timestamp":"2026-08-10T04:55:06.289Z"}
{"level":"error","message":"Wrong with db","timestamp":"2026-08-10T04:55:29.014Z"}
{"level":"error","message":"Wrong with db","timestamp":"2026-08-10T05:25:51.765Z"}
{"level":"error","message":"Wrong with db","timestamp":"2026-08-10T05:26:41.571Z"}
{"level":"error","message":"Wrong with db","timestamp":"2026-08-10T05:28:18.296Z"}
{"level":"info","message":"Room added successfully!","timestamp":"2026-08-10T05:28:33.785Z"}
{"level":"error","message":"Wrong with db","timestamp":"2026-08-10T05:30:00.877Z"}
{"level":"error","message":"Wrong with db","timestamp":"2026-08-10T05:31:36.170Z"}
{"level":"error","message":"Wrong with db","timestamp":"2026-08-10T05:31:49.409Z"}
{"level":"error","message":"Wrong with db","timestamp":"2026-08-10T05:32:06.914Z"}
{"level":"error","message":"Wrong with db","timestamp":"2026-08-10T05:32:12.079Z"}
{"level":"error","message":"Wrong with db","timestamp":"2026-08-10T05:33:35.189Z"}
{"level":"error","message":"travel validation failed: city: Path `city` is required.","timestamp":"2026-08-10T05:49:19.241Z"}
{"level":"warn","message":"Invalid email id:knarang0909@gmail.com","timestamp":"2026-08-11T04:15:56.821Z"}
{"level":"info","message":"Admin login in: knarang0909@gmail.com","timestamp":"2026-08-11T04:18:08.081Z"}
{"level":"info","message":"Admin logout","timestamp":"2026-08-11T04:18:12.409Z"}
{"level":"info","message":"Password reset token generated for: knarang0909@gmail.com","timestamp":"2026-08-11T04:18:20.154Z"}
{"level":"warn","message":"Password reset requested for unknown email: knarang0909@gmail","timestamp":"2026-08-11T04:18:50.194Z"}
{"level":"info","message":"Password reset token generated for: knarang0909@gmail.com","timestamp":"2026-08-11T04:20:16.302Z"}
{"level":"warn","message":"Invalid or expired reset token: d9777373afb01d7828e68dc694562db8580aed8d788b4d88451ad1aba071d991","timestamp":"2026-08-11T04:21:44.558Z"}
{"level":"warn","message":"Invalid or expired reset token: d9777373afb01d7828e68dc694562db8580aed8d788b4d88451ad1aba071d991","timestamp":"2026-08-11T04:21:48.163Z"}
{"level":"info","message":"Password reset token generated for: knarang0909@gmail.com","timestamp":"2026-08-11T04:21:55.960Z"}
{"level":"info","message":"Password reset token generated for: knarang0909@gmail.com","timestamp":"2026-08-11T04:23:07.790Z"}
{"level":"warn","message":"Invalid or expired reset token: a87e52a460e5cbcbb5235800ed5094d5fea9c79ddb51dc83e05704b894797110","timestamp":"2026-08-11T04:24:04.551Z"}
{"level":"error","message":"Wrong with db","timestamp":"2026-08-11T04:24:33.911Z"}
{"level":"warn","message":"Admin already exists knarang0909@gmail.com","timestamp":"2026-08-11T04:25:46.472Z"}
{"level":"warn","message":"Password do not match","timestamp":"2026-08-11T04:26:03.086Z"}
{"level":"warn","message":"Admin already exists knarang0909@gmail.com","timestamp":"2026-08-11T04:26:26.397Z"}
{"level":"warn","message":"Password do not match","timestamp":"2026-08-11T04:26:39.173Z"}
{"level":"warn","message":"Invalid email id:knarang0909@gmail.com","timestamp":"2026-08-11T04:29:58.848Z"}
{"level":"warn","message":"Invalid email id:knarang0909@gmail.com","timestamp":"2026-08-11T04:30:08.972Z"}
{"level":"warn","message":"Invalid email id:knarang0909@gmail.com","timestamp":"2026-08-11T04:30:23.232Z"}
{"level":"info","message":"Password reset token generated for: knarang0909@gmail.com","timestamp":"2026-08-11T04:31:06.999Z"}
{"level":"info","message":"Admin login in: knarang0909@gmail.com","timestamp":"2026-08-11T04:31:31.858Z"}
{"level":"error","message":"Wrong with db","timestamp":"2026-08-11T04:31:58.788Z"}
{"level":"info","message":"Hotel test in test created scucessfully ","timestamp":"2026-08-11T04:36:21.343Z"}
{"level":"info","message":"Hotel and all its rooms deleted successfully 6a7aa6c54210b36b62cb8d1e","timestamp":"2026-08-11T04:36:25.641Z"}
{"level":"info","message":"Room added successfully!","timestamp":"2026-08-11T04:38:54.937Z"}
{"level":"info","message":"Room update successfully 6a7aa75e4210b36b62cb8d1f","timestamp":"2026-08-11T04:39:04.659Z"}
{"level":"info","message":"Room update successfully 6a7aa75e4210b36b62cb8d1f","timestamp":"2026-08-11T04:39:04.721Z"}
{"level":"info","message":"Room update successfully 6a7aa75e4210b36b62cb8d1f","timestamp":"2026-08-11T04:39:17.882Z"}
{"level":"info","message":"Room deleted successfully 6a7aa75e4210b36b62cb8d1f","timestamp":"2026-08-11T04:39:20.957Z"}
{"level":"info","message":"Room deleted successfully 6a796181e3bf43c0abeb952d","timestamp":"2026-08-11T04:39:45.468Z"}
{"level":"info","message":"Destination updated successfully 6a781046530688bd41cc54be!","timestamp":"2026-08-11T04:40:43.911Z"}
{"level":"info","message":"Destination updated successfully 6a781046530688bd41cc54be!","timestamp":"2026-08-11T04:41:37.104Z"}
{"level":"info","message":"Destination updated successfully 6a780f89530688bd41cc54bb!","timestamp":"2026-08-11T04:43:01.781Z"}
{"level":"info","message":"Destination updated successfully 6a781017530688bd41cc54bd!","timestamp":"2026-08-11T04:44:42.627Z"}
{"level":"info","message":"Destination updated successfully 6a781017530688bd41cc54bd!","timestamp":"2026-08-11T04:44:50.936Z"}
{"level":"info","message":"Admin logout","timestamp":"2026-08-11T04:47:00.946Z"}
{"level":"info","message":"Password reset token generated for: knarang0909@gmail.com","timestamp":"2026-08-11T04:47:05.907Z"}
{"level":"info","message":"Password reset successful","timestamp":"2026-08-11T04:48:20.612Z"}
{"level":"info","message":"Admin login in: knarang0909@gmail.com","timestamp":"2026-08-11T04:48:26.951Z"}
{"level":"info","message":"User logged in: knarang0909@gmail.com","timestamp":"2026-08-11T04:52:34.234Z"}
{"level":"info","message":"User logged out","timestamp":"2026-08-11T04:52:36.592Z"}
{"level":"warn","message":"Password reset requested for unknown email: narang2305@gmail.com","timestamp":"2026-08-11T04:52:46.573Z"}
{"level":"info","message":"Password reset token generated for: knarang0909@gmail.com","timestamp":"2026-08-11T04:52:50.496Z"}
{"level":"info","message":"Password reset successful","timestamp":"2026-08-11T04:52:53.761Z"}
{"level":"info","message":"Password reset token generated for: knarang0909@gmail.com","timestamp":"2026-08-11T04:53:29.874Z"}
{"level":"info","message":"Password reset token generated for: knarang0909@gmail.com","timestamp":"2026-08-11T04:56:44.724Z"}
{"level":"info","message":"Password reset successful","timestamp":"2026-08-11T04:56:48.916Z"}
{"level":"info","message":"Password reset token generated for: knarang0909@gmail.com","timestamp":"2026-08-11T04:56:57.081Z"}
{"level":"info","message":"Password reset successful","timestamp":"2026-08-11T04:57:03.844Z"}
{"level":"warn","message":"Registration failed: knarang0909@gmail.com already exists","timestamp":"2026-08-11T05:00:08.271Z"}
{"level":"info","message":"Password reset token generated for: knarang0909@gmail.com","timestamp":"2026-08-11T05:00:50.482Z"}
{"level":"info","message":"Password reset successful","timestamp":"2026-08-11T05:00:55.124Z"}
{"level":"info","message":"Password reset token generated for: knarang0909@gmail.com","timestamp":"2026-08-11T05:01:34.321Z"}
{"level":"info","message":"Password reset successful","timestamp":"2026-08-11T05:01:39.643Z"}
{"level":"info","message":"New user registered: knarang0909@gmail.com","timestamp":"2026-08-11T05:05:42.755Z"}
{"level":"info","message":"User logged in: knarang0909@gmail.com","timestamp":"2026-08-11T05:06:51.255Z"}
{"level":"info","message":"User logged out","timestamp":"2026-08-11T05:08:17.557Z"}
{"level":"info","message":"User logged in: knarang0909@gmail.com","timestamp":"2026-08-11T05:08:23.795Z"}
{"level":"info","message":"User logged out","timestamp":"2026-08-11T05:08:35.161Z"}
{"level":"info","message":"User logged in: knarang0909@gmail.com","timestamp":"2026-08-11T05:08:48.167Z"}
{"level":"warn","message":"Room is not available for Thu Aug 13 2026 05:30:00 GMT+0530 (India Standard Time)","timestamp":"2026-08-11T05:15:48.701Z"}
{"level":"error","message":"id is not defined","timestamp":"2026-08-11T05:38:08.875Z"}
{"level":"error","message":"Wrong with db","timestamp":"2026-08-11T05:46:22.180Z"}
{"level":"error","message":"Wrong with db","timestamp":"2026-08-11T05:46:45.794Z"}
{"level":"error","message":"Wrong with db","timestamp":"2026-08-11T05:47:47.114Z"}
{"level":"error","message":"Wrong with db","timestamp":"2026-08-11T05:48:28.486Z"}
{"level":"error","message":"Wrong with db","timestamp":"2026-08-11T05:51:17.719Z"}
{"level":"error","message":"Wrong with db","timestamp":"2026-08-11T05:52:21.680Z"}
{"level":"error","message":"Testing 500 error","timestamp":"2026-08-11T06:07:11.732Z"}
{"level":"error","message":"Testing 500 error","timestamp":"2026-08-11T06:08:17.806Z"}
{"level":"error","message":"Error: Testing 500 error\n    at feedbackController.testError (file:///C:/Users/priya/OneDrive%20-%20Climate%20Collective%20Foundation/Desktop/fullstack_practice/hotel_booking/features/guest/contact/contactController.js:49:15)\n    at file:///C:/Users/priya/OneDrive%20-%20Climate%20Collective%20Foundation/Desktop/fullstack_practice/hotel_booking/features/guest/contact/contactRoutes.js:17:25\n    at Layer.handleRequest (C:\\Users\\priya\\OneDrive - Climate Collective Foundation\\Desktop\\fullstack_practice\\hotel_booking\\node_modules\\router\\lib\\layer.js:152:17)\n    at next (C:\\Users\\priya\\OneDrive - Climate Collective Foundation\\Desktop\\fullstack_practice\\hotel_booking\\node_modules\\router\\lib\\route.js:157:13)\n    at Route.dispatch (C:\\Users\\priya\\OneDrive - Climate Collective Foundation\\Desktop\\fullstack_practice\\hotel_booking\\node_modules\\router\\lib\\route.js:117:3)\n    at handle (C:\\Users\\priya\\OneDrive - Climate Collective Foundation\\Desktop\\fullstack_practice\\hotel_booking\\node_modules\\router\\index.js:435:11)\n    at Layer.handleRequest (C:\\Users\\priya\\OneDrive - Climate Collective Foundation\\Desktop\\fullstack_practice\\hotel_booking\\node_modules\\router\\lib\\layer.js:152:17)\n    at C:\\Users\\priya\\OneDrive - Climate Collective Foundation\\Desktop\\fullstack_practice\\hotel_booking\\node_modules\\router\\index.js:295:15\n    at processParams (C:\\Users\\priya\\OneDrive - Climate Collective Foundation\\Desktop\\fullstack_practice\\hotel_booking\\node_modules\\router\\index.js:582:12)\n    at next (C:\\Users\\priya\\OneDrive - Climate Collective Foundation\\Desktop\\fullstack_practice\\hotel_booking\\node_modules\\router\\index.js:291:5)","timestamp":"2026-08-11T06:09:27.105Z"}
{"level":"error","message":"Error: Testing 500 error\n    at feedbackController.testError (file:///C:/Users/priya/OneDrive%20-%20Climate%20Collective%20Foundation/Desktop/fullstack_practice/hotel_booking/features/guest/contact/contactController.js:49:15)\n    at file:///C:/Users/priya/OneDrive%20-%20Climate%20Collective%20Foundation/Desktop/fullstack_practice/hotel_booking/features/guest/contact/contactRoutes.js:17:25\n    at Layer.handleRequest (C:\\Users\\priya\\OneDrive - Climate Collective Foundation\\Desktop\\fullstack_practice\\hotel_booking\\node_modules\\router\\lib\\layer.js:152:17)\n    at next (C:\\Users\\priya\\OneDrive - Climate Collective Foundation\\Desktop\\fullstack_practice\\hotel_booking\\node_modules\\router\\lib\\route.js:157:13)\n    at Route.dispatch (C:\\Users\\priya\\OneDrive - Climate Collective Foundation\\Desktop\\fullstack_practice\\hotel_booking\\node_modules\\router\\lib\\route.js:117:3)\n    at handle (C:\\Users\\priya\\OneDrive - Climate Collective Foundation\\Desktop\\fullstack_practice\\hotel_booking\\node_modules\\router\\index.js:435:11)\n    at Layer.handleRequest (C:\\Users\\priya\\OneDrive - Climate Collective Foundation\\Desktop\\fullstack_practice\\hotel_booking\\node_modules\\router\\lib\\layer.js:152:17)\n    at C:\\Users\\priya\\OneDrive - Climate Collective Foundation\\Desktop\\fullstack_practice\\hotel_booking\\node_modules\\router\\index.js:295:15\n    at processParams (C:\\Users\\priya\\OneDrive - Climate Collective Foundation\\Desktop\\fullstack_practice\\hotel_booking\\node_modules\\router\\index.js:582:12)\n    at next (C:\\Users\\priya\\OneDrive - Climate Collective Foundation\\Desktop\\fullstack_practice\\hotel_booking\\node_modules\\router\\index.js:291:5)","timestamp":"2026-08-11T06:09:27.107Z"}
{"level":"error","message":"Cannot read properties of null (reading '_id')","timestamp":"2026-08-11T06:47:34.240Z"}
{"level":"error","message":"TypeError: Cannot read properties of null (reading '_id')\n    at hotelController.addHotel (file:///C:/Users/priya/OneDrive%20-%20Climate%20Collective%20Foundation/Desktop/fullstack_practice/hotel_booking/features/admin/hotel/hotelController.js:81:37)\n    at process.processTicksAndRejections (node:internal/process/task_queues:103:5)","timestamp":"2026-08-11T06:47:34.244Z"}
{"level":"error","message":"Cannot read properties of null (reading '_id')","timestamp":"2026-08-11T06:49:16.852Z"}
{"level":"error","message":"TypeError: Cannot read properties of null (reading '_id')\n    at hotelController.addHotel (file:///C:/Users/priya/OneDrive%20-%20Climate%20Collective%20Foundation/Desktop/fullstack_practice/hotel_booking/features/admin/hotel/hotelController.js:84:37)\n    at process.processTicksAndRejections (node:internal/process/task_queues:103:5)","timestamp":"2026-08-11T06:49:16.856Z"}
{"level":"error","message":"Cannot read properties of null (reading '_id')","timestamp":"2026-08-11T06:51:46.052Z"}
{"level":"error","message":"TypeError: Cannot read properties of null (reading '_id')\n    at hotelController.addHotel (file:///C:/Users/priya/OneDrive%20-%20Climate%20Collective%20Foundation/Desktop/fullstack_practice/hotel_booking/features/admin/hotel/hotelController.js:86:37)\n    at process.processTicksAndRejections (node:internal/process/task_queues:103:5)","timestamp":"2026-08-11T06:51:46.056Z"}
{"level":"info","message":"Admin logout","timestamp":"2026-08-11T06:52:47.457Z"}
{"level":"warn","message":"Invalid email id:knarang0909@gmail.com","timestamp":"2026-08-11T06:52:53.538Z"}
{"level":"info","message":"Admin account created narang2305@gmail.com","timestamp":"2026-08-11T06:54:56.755Z"}
{"level":"error","message":"Error: Failed to lookup view \"/api/admin/login\" in views directory \"./views\"\n    at app.render (C:\\Users\\priya\\OneDrive - Climate Collective Foundation\\Desktop\\fullstack_practice\\hotel_booking\\node_modules\\express\\lib\\application.js:562:17)\n    at ServerResponse.render (C:\\Users\\priya\\OneDrive - Climate Collective Foundation\\Desktop\\fullstack_practice\\hotel_booking\\node_modules\\express\\lib\\response.js:923:7)\n    at res.render (C:\\Users\\priya\\OneDrive - Climate Collective Foundation\\Desktop\\fullstack_practice\\hotel_booking\\node_modules\\express-ejs-layouts\\lib\\express-layouts.js:77:18)\n    at adminUserController.register (file:///C:/Users/priya/OneDrive%20-%20Climate%20Collective%20Foundation/Desktop/fullstack_practice/hotel_booking/features/admin/adminAuth/adminController.js:64:12)\n    at process.processTicksAndRejections (node:internal/process/task_queues:103:5)","timestamp":"2026-08-11T06:54:56.759Z"}
{"level":"warn","message":"Admin already exists narang2305@gmail.com","timestamp":"2026-08-11T06:56:10.571Z"}
{"level":"info","message":"Admin account created narang2305@gmail.com","timestamp":"2026-08-11T06:56:38.104Z"}
{"level":"info","message":"Admin login in: narang2305@gmail.com","timestamp":"2026-08-11T06:56:41.920Z"}
{"level":"info","message":"Hotel test in test created scucessfully ","timestamp":"2026-08-11T06:57:03.637Z"}
{"level":"info","message":"User logged out","timestamp":"2026-08-11T06:57:36.986Z"}
{"level":"warn","message":"Login failed: User not found (narang2305@gmail.com)","timestamp":"2026-08-11T06:57:39.153Z"}
{"level":"warn","message":"Invalid email id:narang2305@gmail.com","timestamp":"2026-08-11T11:51:19.062Z"}
{"level":"info","message":"New user registered: supportshoehub@gmail.com","timestamp":"2026-08-12T04:22:17.543Z"}
{"level":"error","message":"Missing credentials for \"PLAIN\"","timestamp":"2026-08-12T04:22:18.799Z"}
{"level":"error","message":"Error: Missing credentials for \"PLAIN\"\n    at SMTPConnection._formatError (C:\\Users\\priya\\OneDrive - Climate Collective Foundation\\Desktop\\fullstack_practice\\hotel_booking\\node_modules\\nodemailer\\lib\\smtp-connection\\index.js:938:19)\n    at SMTPConnection.login (C:\\Users\\priya\\OneDrive - Climate Collective Foundation\\Desktop\\fullstack_practice\\hotel_booking\\node_modules\\nodemailer\\lib\\smtp-connection\\index.js:567:38)\n    at C:\\Users\\priya\\OneDrive - Climate Collective Foundation\\Desktop\\fullstack_practice\\hotel_booking\\node_modules\\nodemailer\\lib\\smtp-transport\\index.js:278:32\n    at SMTPConnection.<anonymous> (C:\\Users\\priya\\OneDrive - Climate Collective Foundation\\Desktop\\fullstack_practice\\hotel_booking\\node_modules\\nodemailer\\lib\\smtp-connection\\index.js:255:17)\n    at Object.onceWrapper (node:events:622:28)\n    at SMTPConnection.emit (node:events:508:28)\n    at SMTPConnection._actionEHLO (C:\\Users\\priya\\OneDrive - Climate Collective Foundation\\Desktop\\fullstack_practice\\hotel_booking\\node_modules\\nodemailer\\lib\\smtp-connection\\index.js:1568:14)\n    at SMTPConnection._processResponse (C:\\Users\\priya\\OneDrive - Climate Collective Foundation\\Desktop\\fullstack_practice\\hotel_booking\\node_modules\\nodemailer\\lib\\smtp-connection\\index.js:1150:20)\n    at SMTPConnection._onData (C:\\Users\\priya\\OneDrive - Climate Collective Foundation\\Desktop\\fullstack_practice\\hotel_booking\\node_modules\\nodemailer\\lib\\smtp-connection\\index.js:898:14)\n    at SMTPConnection._onSocketData (C:\\Users\\priya\\OneDrive - Climate Collective Foundation\\Desktop\\fullstack_practice\\hotel_booking\\node_modules\\nodemailer\\lib\\smtp-connection\\index.js:224:44)","timestamp":"2026-08-12T04:22:18.803Z"}
{"level":"info","message":"New user registered: supportshoehub@gmail.com","timestamp":"2026-08-12T04:25:22.237Z"}
{"level":"error","message":"Invalid login: 535-5.7.8 Username and Password not accepted. For more information, go to\n535 5.7.8  https://support.google.com/mail/?p=BadCredentials d9443c01a7336-2d350fb09e2sm1069005ad.5 - gsmtp","timestamp":"2026-08-12T04:25:24.374Z"}
{"level":"error","message":"Error: Invalid login: 535-5.7.8 Username and Password not accepted. For more information, go to\n535 5.7.8  https://support.google.com/mail/?p=BadCredentials d9443c01a7336-2d350fb09e2sm1069005ad.5 - gsmtp\n    at SMTPConnection._formatError (C:\\Users\\priya\\OneDrive - Climate Collective Foundation\\Desktop\\fullstack_practice\\hotel_booking\\node_modules\\nodemailer\\lib\\smtp-connection\\index.js:938:19)\n    at SMTPConnection._actionAUTHComplete (C:\\Users\\priya\\OneDrive - Climate Collective Foundation\\Desktop\\fullstack_practice\\hotel_booking\\node_modules\\nodemailer\\lib\\smtp-connection\\index.js:1784:34)\n    at SMTPConnection.<anonymous> (C:\\Users\\priya\\OneDrive - Climate Collective Foundation\\Desktop\\fullstack_practice\\hotel_booking\\node_modules\\nodemailer\\lib\\smtp-connection\\index.js:669:26)\n    at SMTPConnection._processResponse (C:\\Users\\priya\\OneDrive - Climate Collective Foundation\\Desktop\\fullstack_practice\\hotel_booking\\node_modules\\nodemailer\\lib\\smtp-connection\\index.js:1150:20)\n    at SMTPConnection._onData (C:\\Users\\priya\\OneDrive - Climate Collective Foundation\\Desktop\\fullstack_practice\\hotel_booking\\node_modules\\nodemailer\\lib\\smtp-connection\\index.js:898:14)\n    at SMTPConnection._onSocketData (C:\\Users\\priya\\OneDrive - Climate Collective Foundation\\Desktop\\fullstack_practice\\hotel_booking\\node_modules\\nodemailer\\lib\\smtp-connection\\index.js:224:44)\n    at TLSSocket.emit (node:events:508:28)\n    at addChunk (node:internal/streams/readable:559:12)\n    at readableAddChunkPushByteMode (node:internal/streams/readable:510:3)\n    at Readable.push (node:internal/streams/readable:390:5)","timestamp":"2026-08-12T04:25:24.377Z"}
{"level":"warn","message":"Registration failed: supportshoehub@gmail.com already exists","timestamp":"2026-08-12T04:28:45.013Z"}
{"level":"info","message":"New user registered: supportshoehub@gmail.com","timestamp":"2026-08-12T04:29:08.830Z"}
{"level":"info","message":"New user registered: supportshoehub@gmail.com","timestamp":"2026-08-12T04:33:38.240Z"}
{"level":"info","message":"New user registered: supportshoehub@gmail.com","timestamp":"2026-08-12T04:35:13.956Z"}
{"level":"info","message":"New user registered: supportshoehub@gmail.com","timestamp":"2026-08-12T04:37:33.986Z"}
{"level":"info","message":"Admin logout","timestamp":"2026-08-12T04:40:03.050Z"}
{"level":"info","message":"Admin account created supportshoehub@gmail.com","timestamp":"2026-08-12T04:40:19.653Z"}
{"level":"info","message":"Admin account created supportshoehub@gmail.com","timestamp":"2026-08-12T04:42:09.054Z"}
{"level":"warn","message":"Invalid email id:narang2305@gmail.com","timestamp":"2026-08-12T04:48:23.539Z"}
{"level":"info","message":"Admin login in: supportshoehub@gmail.com","timestamp":"2026-08-12T04:48:29.487Z"}
{"level":"info","message":"Hotel test in test created scucessfully ","timestamp":"2026-08-12T04:48:54.689Z"}
{"level":"info","message":"Room added successfully!","timestamp":"2026-08-12T04:49:18.885Z"}
{"level":"info","message":"User logged in: supportshoehub@gmail.com","timestamp":"2026-08-12T04:49:31.119Z"}
{"level":"info","message":"Confirmed for this 6a7bfd03ecaece1a714b6c12 id have been updated","timestamp":"2026-08-12T05:04:14.355Z"}
{"level":"info","message":"Completed for this 6a7bfd03ecaece1a714b6c12 id have been updated","timestamp":"2026-08-12T05:05:21.552Z"}
{"level":"info","message":"Cancelled for this 6a7bfd03ecaece1a714b6c12 id have been updated","timestamp":"2026-08-12T05:09:06.241Z"}
{"level":"info","message":"Completed for this 6a7bfd03ecaece1a714b6c12 id have been updated","timestamp":"2026-08-12T05:09:30.749Z"}
{"level":"info","message":"User Profile Updated 6a7bf88d44418a48eb6a82ca","timestamp":"2026-08-12T05:12:12.697Z"}
{"level":"error","message":"No recipients defined","timestamp":"2026-08-12T05:13:29.398Z"}
{"level":"error","message":"Error: No recipients defined\n    at SMTPConnection._formatError (C:\\Users\\priya\\OneDrive - Climate Collective Foundation\\Desktop\\fullstack_practice\\hotel_booking\\node_modules\\nodemailer\\lib\\smtp-connection\\index.js:938:19)\n    at SMTPConnection._setEnvelope (C:\\Users\\priya\\OneDrive - Climate Collective Foundation\\Desktop\\fullstack_practice\\hotel_booking\\node_modules\\nodemailer\\lib\\smtp-connection\\index.js:1204:34)\n    at SMTPConnection.send (C:\\Users\\priya\\OneDrive - Climate Collective Foundation\\Desktop\\fullstack_practice\\hotel_booking\\node_modules\\nodemailer\\lib\\smtp-connection\\index.js:744:14)\n    at sendMessage (C:\\Users\\priya\\OneDrive - Climate Collective Foundation\\Desktop\\fullstack_practice\\hotel_booking\\node_modules\\nodemailer\\lib\\smtp-transport\\index.js:233:28)\n    at C:\\Users\\priya\\OneDrive - Climate Collective Foundation\\Desktop\\fullstack_practice\\hotel_booking\\node_modules\\nodemailer\\lib\\smtp-transport\\index.js:290:25\n    at SMTPConnection._actionAUTHComplete (C:\\Users\\priya\\OneDrive - Climate Collective Foundation\\Desktop\\fullstack_practice\\hotel_booking\\node_modules\\nodemailer\\lib\\smtp-connection\\index.js:1798:9)\n    at SMTPConnection.<anonymous> (C:\\Users\\priya\\OneDrive - Climate Collective Foundation\\Desktop\\fullstack_practice\\hotel_booking\\node_modules\\nodemailer\\lib\\smtp-connection\\index.js:669:26)\n    at SMTPConnection._processResponse (C:\\Users\\priya\\OneDrive - Climate Collective Foundation\\Desktop\\fullstack_practice\\hotel_booking\\node_modules\\nodemailer\\lib\\smtp-connection\\index.js:1150:20)\n    at SMTPConnection._onData (C:\\Users\\priya\\OneDrive - Climate Collective Foundation\\Desktop\\fullstack_practice\\hotel_booking\\node_modules\\nodemailer\\lib\\smtp-connection\\index.js:898:14)\n    at SMTPConnection._onSocketData (C:\\Users\\priya\\OneDrive - Climate Collective Foundation\\Desktop\\fullstack_practice\\hotel_booking\\node_modules\\nodemailer\\lib\\smtp-connection\\index.js:224:44)","timestamp":"2026-08-12T05:13:29.404Z"}
{"level":"error","message":"No recipients defined","timestamp":"2026-08-12T05:14:11.847Z"}
{"level":"error","message":"Error: No recipients defined\n    at SMTPConnection._formatError (C:\\Users\\priya\\OneDrive - Climate Collective Foundation\\Desktop\\fullstack_practice\\hotel_booking\\node_modules\\nodemailer\\lib\\smtp-connection\\index.js:938:19)\n    at SMTPConnection._setEnvelope (C:\\Users\\priya\\OneDrive - Climate Collective Foundation\\Desktop\\fullstack_practice\\hotel_booking\\node_modules\\nodemailer\\lib\\smtp-connection\\index.js:1204:34)\n    at SMTPConnection.send (C:\\Users\\priya\\OneDrive - Climate Collective Foundation\\Desktop\\fullstack_practice\\hotel_booking\\node_modules\\nodemailer\\lib\\smtp-connection\\index.js:744:14)\n    at sendMessage (C:\\Users\\priya\\OneDrive - Climate Collective Foundation\\Desktop\\fullstack_practice\\hotel_booking\\node_modules\\nodemailer\\lib\\smtp-transport\\index.js:233:28)\n    at C:\\Users\\priya\\OneDrive - Climate Collective Foundation\\Desktop\\fullstack_practice\\hotel_booking\\node_modules\\nodemailer\\lib\\smtp-transport\\index.js:290:25\n    at SMTPConnection._actionAUTHComplete (C:\\Users\\priya\\OneDrive - Climate Collective Foundation\\Desktop\\fullstack_practice\\hotel_booking\\node_modules\\nodemailer\\lib\\smtp-connection\\index.js:1798:9)\n    at SMTPConnection.<anonymous> (C:\\Users\\priya\\OneDrive - Climate Collective Foundation\\Desktop\\fullstack_practice\\hotel_booking\\node_modules\\nodemailer\\lib\\smtp-connection\\index.js:669:26)\n    at SMTPConnection._processResponse (C:\\Users\\priya\\OneDrive - Climate Collective Foundation\\Desktop\\fullstack_practice\\hotel_booking\\node_modules\\nodemailer\\lib\\smtp-connection\\index.js:1150:20)\n    at SMTPConnection._onData (C:\\Users\\priya\\OneDrive - Climate Collective Foundation\\Desktop\\fullstack_practice\\hotel_booking\\node_modules\\nodemailer\\lib\\smtp-connection\\index.js:898:14)\n    at SMTPConnection._onSocketData (C:\\Users\\priya\\OneDrive - Climate Collective Foundation\\Desktop\\fullstack_practice\\hotel_booking\\node_modules\\nodemailer\\lib\\smtp-connection\\index.js:224:44)","timestamp":"2026-08-12T05:14:11.852Z"}
{"level":"error","message":"No recipients defined","timestamp":"2026-08-12T05:16:59.496Z"}
{"level":"error","message":"Error: No recipients defined\n    at SMTPConnection._formatError (C:\\Users\\priya\\OneDrive - Climate Collective Foundation\\Desktop\\fullstack_practice\\hotel_booking\\node_modules\\nodemailer\\lib\\smtp-connection\\index.js:938:19)\n    at SMTPConnection._setEnvelope (C:\\Users\\priya\\OneDrive - Climate Collective Foundation\\Desktop\\fullstack_practice\\hotel_booking\\node_modules\\nodemailer\\lib\\smtp-connection\\index.js:1204:34)\n    at SMTPConnection.send (C:\\Users\\priya\\OneDrive - Climate Collective Foundation\\Desktop\\fullstack_practice\\hotel_booking\\node_modules\\nodemailer\\lib\\smtp-connection\\index.js:744:14)\n    at sendMessage (C:\\Users\\priya\\OneDrive - Climate Collective Foundation\\Desktop\\fullstack_practice\\hotel_booking\\node_modules\\nodemailer\\lib\\smtp-transport\\index.js:233:28)\n    at C:\\Users\\priya\\OneDrive - Climate Collective Foundation\\Desktop\\fullstack_practice\\hotel_booking\\node_modules\\nodemailer\\lib\\smtp-transport\\index.js:290:25\n    at SMTPConnection._actionAUTHComplete (C:\\Users\\priya\\OneDrive - Climate Collective Foundation\\Desktop\\fullstack_practice\\hotel_booking\\node_modules\\nodemailer\\lib\\smtp-connection\\index.js:1798:9)\n    at SMTPConnection.<anonymous> (C:\\Users\\priya\\OneDrive - Climate Collective Foundation\\Desktop\\fullstack_practice\\hotel_booking\\node_modules\\nodemailer\\lib\\smtp-connection\\index.js:669:26)\n    at SMTPConnection._processResponse (C:\\Users\\priya\\OneDrive - Climate Collective Foundation\\Desktop\\fullstack_practice\\hotel_booking\\node_modules\\nodemailer\\lib\\smtp-connection\\index.js:1150:20)\n    at SMTPConnection._onData (C:\\Users\\priya\\OneDrive - Climate Collective Foundation\\Desktop\\fullstack_practice\\hotel_booking\\node_modules\\nodemailer\\lib\\smtp-connection\\index.js:898:14)\n    at SMTPConnection._onSocketData (C:\\Users\\priya\\OneDrive - Climate Collective Foundation\\Desktop\\fullstack_practice\\hotel_booking\\node_modules\\nodemailer\\lib\\smtp-connection\\index.js:224:44)","timestamp":"2026-08-12T05:16:59.502Z"}
{"level":"info","message":"Admin Profile Updated 6a7bf9a175ac30ec811b687c","timestamp":"2026-08-12T05:18:56.939Z"}
{"level":"info","message":"Feedback status update for 6a7c04a3ea3790c990f02d22 and message sent successfully Thank for you co-operation we'll take action","timestamp":"2026-08-12T05:33:31.106Z"}
{"level":"info","message":"Feedback status update for 6a7c05f12d61c51786ce5ebb and message sent successfully Thank you so much","timestamp":"2026-08-12T05:35:18.008Z"}
{"level":"info","message":"Password reset token generated for: supportshoehub@gmail.com","timestamp":"2026-08-12T05:39:22.359Z"}
{"level":"error","message":"name is not defined","timestamp":"2026-08-12T05:39:22.361Z"}
{"level":"error","message":"ReferenceError: name is not defined\n    at adminUserController.forgotPass (file:///C:/Users/priya/OneDrive%20-%20Climate%20Collective%20Foundation/Desktop/fullstack_practice/hotel_booking/features/admin/adminAuth/adminController.js:182:39)\n    at process.processTicksAndRejections (node:internal/process/task_queues:103:5)","timestamp":"2026-08-12T05:39:22.362Z"}
{"level":"info","message":"Password reset token generated for: supportshoehub@gmail.com","timestamp":"2026-08-12T05:41:39.074Z"}
{"level":"info","message":"Password reset successful","timestamp":"2026-08-12T05:41:58.693Z"}
{"level":"info","message":"Admin login in: supportshoehub@gmail.com","timestamp":"2026-08-12T05:42:13.040Z"}
{"level":"info","message":"User logged out","timestamp":"2026-08-12T05:42:21.943Z"}
{"level":"warn","message":"Login failed: Invalid password (supportshoehub@gmail.com)","timestamp":"2026-08-12T05:42:30.646Z"}
{"level":"info","message":"Password reset token generated for: supportshoehub@gmail.com","timestamp":"2026-08-12T05:44:35.561Z"}
{"level":"error","message":"user is not defined","timestamp":"2026-08-12T05:44:35.565Z"}
{"level":"error","message":"ReferenceError: user is not defined\n    at userController.forgotPass (file:///C:/Users/priya/OneDrive%20-%20Climate%20Collective%20Foundation/Desktop/fullstack_practice/hotel_booking/features/guest/userAuth/userController.js:227:21)\n    at process.processTicksAndRejections (node:internal/process/task_queues:103:5)","timestamp":"2026-08-12T05:44:35.567Z"}
{"level":"info","message":"Password reset token generated for: supportshoehub@gmail.com","timestamp":"2026-08-12T05:44:58.118Z"}
{"level":"info","message":"Password reset token generated for: supportshoehub@gmail.com","timestamp":"2026-08-12T05:45:41.730Z"}
{"level":"info","message":"Password reset successful","timestamp":"2026-08-12T05:45:55.724Z"}
{"level":"warn","message":"Login failed: Invalid password (supportshoehub@gmail.com)","timestamp":"2026-08-12T05:46:02.622Z"}
{"level":"info","message":"User logged in: supportshoehub@gmail.com","timestamp":"2026-08-12T05:46:07.531Z"}
{"level":"info","message":"Admin logout","timestamp":"2026-08-12T05:51:28.979Z"}
{"level":"error","message":"SyntaxError: Unexpected token 'a', ...\"ssword\": narang0909\n\"... is not valid JSON\n    at JSON.parse (<anonymous>)\n    at parse (C:\\Users\\priya\\OneDrive - Climate Collective Foundation\\Desktop\\fullstack_practice\\hotel_booking\\node_modules\\body-parser\\lib\\types\\json.js:91:21)\n    at C:\\Users\\priya\\OneDrive - Climate Collective Foundation\\Desktop\\fullstack_practice\\hotel_booking\\node_modules\\body-parser\\lib\\read.js:162:18\n    at AsyncResource.runInAsyncScope (node:async_hooks:213:14)\n    at invokeCallback (C:\\Users\\priya\\OneDrive - Climate Collective Foundation\\Desktop\\fullstack_practice\\hotel_booking\\node_modules\\raw-body\\index.js:238:16)\n    at done (C:\\Users\\priya\\OneDrive - Climate Collective Foundation\\Desktop\\fullstack_practice\\hotel_booking\\node_modules\\raw-body\\index.js:227:7)\n    at IncomingMessage.onEnd (C:\\Users\\priya\\OneDrive - Climate Collective Foundation\\Desktop\\fullstack_practice\\hotel_booking\\node_modules\\raw-body\\index.js:287:7)\n    at IncomingMessage.emit (node:events:508:28)\n    at endReadableNT (node:internal/streams/readable:1701:12)\n    at process.processTicksAndRejections (node:internal/process/task_queues:89:21)","timestamp":"2026-08-12T10:35:28.324Z"}
{"level":"info","message":"User logged in: supportshoehub@gmail.com","timestamp":"2026-08-12T10:36:17.673Z"}
{"level":"info","message":"Admin login in: supportshoehub@gmail.com","timestamp":"2026-08-12T10:41:23.314Z"}
{"level":"info","message":"Password reset token generated for: supportshoehub@gmail.com","timestamp":"2026-08-12T10:50:34.334Z"}
{"level":"info","message":"Password reset successful","timestamp":"2026-08-12T10:53:01.953Z"}
{"level":"info","message":"Password reset token generated for: supportshoehub@gmail.com","timestamp":"2026-08-12T10:56:07.783Z"}
{"level":"info","message":"Password reset successful","timestamp":"2026-08-12T10:56:51.109Z"}
{"level":"warn","message":"Invalid email id:supportshoehub@gmail.com","timestamp":"2026-08-12T10:57:30.927Z"}
{"level":"info","message":"Admin login in: supportshoehub@gmail.com","timestamp":"2026-08-12T10:57:38.405Z"}
{"level":"warn","message":"Login failed: Invalid password (supportshoehub@gmail.com)","timestamp":"2026-08-12T10:58:03.134Z"}
{"level":"info","message":"User logged in: supportshoehub@gmail.com","timestamp":"2026-08-12T10:58:11.291Z"}
{"level":"info","message":"User logged in: supportshoehub@gmail.com","timestamp":"2026-08-12T12:02:55.326Z"}
{"level":"info","message":"User logged in: supportshoehub@gmail.com","timestamp":"2026-08-12T12:05:47.637Z"}
{"level":"info","message":"Admin logout","timestamp":"2026-08-12T12:25:38.498Z"}
{"level":"info","message":"Admin login in: supportshoehub@gmail.com","timestamp":"2026-08-12T12:25:43.255Z"}
{"level":"info","message":"Admin logout","timestamp":"2026-08-12T12:25:49.051Z"}
{"level":"warn","message":"Invalid email id:supportshoehub@gmail.com","timestamp":"2026-08-12T12:25:55.413Z"}
{"level":"warn","message":"Invalid email id:narang2305@gmail.com","timestamp":"2026-08-12T12:26:00.945Z"}
{"level":"info","message":"Admin login in: supportshoehub@gmail.com","timestamp":"2026-08-12T12:26:07.508Z"}
{"level":"info","message":"Hotel and all its rooms deleted successfully 6a7bfb36a167adbf5b090e3c","timestamp":"2026-08-12T12:26:12.453Z"}
{"level":"info","message":"User logged out","timestamp":"2026-08-12T12:42:05.762Z"}
{"level":"error","message":"Cannot read properties of null (reading '_id')","timestamp":"2026-08-12T12:47:45.655Z"}
{"level":"error","message":"TypeError: Cannot read properties of null (reading '_id')\n    at hotelController.addHotel (file:///C:/Users/priya/OneDrive%20-%20Climate%20Collective%20Foundation/Desktop/fullstack_practice/hotel_booking/features/admin/hotel/hotelController.js:84:37)\n    at process.processTicksAndRejections (node:internal/process/task_queues:103:5)","timestamp":"2026-08-12T12:47:45.661Z"}
{"level":"info","message":"Admin logout","timestamp":"2026-08-12T12:47:50.069Z"}
{"level":"warn","message":"Invalid email id:supportshoehub@gmail.com","timestamp":"2026-08-12T12:47:54.152Z"}
{"level":"warn","message":"Invalid email id:narang2305@gmail.com","timestamp":"2026-08-12T12:47:56.698Z"}
{"level":"warn","message":"Invalid email id:supportshoehub@gmail.com","timestamp":"2026-08-12T12:48:07.976Z"}
{"level":"info","message":"Admin account created narang2305@gmail.com","timestamp":"2026-08-12T12:48:36.263Z"}
{"level":"info","message":"Admin login in: narang2305@gmail.com","timestamp":"2026-08-12T12:48:43.272Z"}
{"level":"info","message":"Hotel test in test created scucessfully ","timestamp":"2026-08-12T12:49:03.540Z"}
{"level":"info","message":"Room added successfully!","timestamp":"2026-08-12T12:49:20.263Z"}
{"level":"error","message":"Wrong with db","timestamp":"2026-08-12T12:49:37.688Z"}
{"level":"error","message":"Error: Wrong with db\n    at bookingRepo.createBooking (file:///C:/Users/priya/OneDrive%20-%20Climate%20Collective%20Foundation/Desktop/fullstack_practice/hotel_booking/features/guest/booking/bookingRepository.js:23:19)\n    at process.processTicksAndRejections (node:internal/process/task_queues:103:5)\n    at async bookingController.createBooking (file:///C:/Users/priya/OneDrive%20-%20Climate%20Collective%20Foundation/Desktop/fullstack_practice/hotel_booking/features/guest/booking/bookingController.js:85:30)","timestamp":"2026-08-12T12:49:37.691Z"}
{"level":"error","message":"Wrong with db","timestamp":"2026-08-12T12:50:18.814Z"}
{"level":"error","message":"Error: Wrong with db\n    at bookingRepo.createBooking (file:///C:/Users/priya/OneDrive%20-%20Climate%20Collective%20Foundation/Desktop/fullstack_practice/hotel_booking/features/guest/booking/bookingRepository.js:23:19)\n    at process.processTicksAndRejections (node:internal/process/task_queues:103:5)\n    at async bookingController.createBooking (file:///C:/Users/priya/OneDrive%20-%20Climate%20Collective%20Foundation/Desktop/fullstack_practice/hotel_booking/features/guest/booking/bookingController.js:85:30)","timestamp":"2026-08-12T12:50:18.818Z"}
{"level":"info","message":"Admin logout","timestamp":"2026-08-13T04:11:17.855Z"}
{"level":"warn","message":"Invalid email id:narang2305@gmail.com","timestamp":"2026-08-13T04:11:20.342Z"}
{"level":"warn","message":"Invalid email id:narang2305@gmail.com","timestamp":"2026-08-13T04:11:20.350Z"}
{"level":"warn","message":"Invalid email id:supportshoehub@gmail.com","timestamp":"2026-08-13T04:11:25.379Z"}
{"level":"info","message":"Admin account created narang2305@gmail.com","timestamp":"2026-08-13T04:12:13.543Z"}
{"level":"info","message":"Admin login in: narang2305@gmail.com","timestamp":"2026-08-13T04:12:20.625Z"}
{"level":"info","message":"Hotel test in test created scucessfully ","timestamp":"2026-08-13T04:12:43.049Z"}
{"level":"info","message":"Room added successfully!","timestamp":"2026-08-13T04:13:12.357Z"}
{"level":"error","message":"Wrong with db","timestamp":"2026-08-13T04:13:39.084Z"}
{"level":"error","message":"Error: Wrong with db\n    at bookingRepo.createBooking (file:///C:/Users/priya/OneDrive%20-%20Climate%20Collective%20Foundation/Desktop/fullstack_practice/hotel_booking/features/guest/booking/bookingRepository.js:23:19)\n    at process.processTicksAndRejections (node:internal/process/task_queues:103:5)\n    at async bookingController.createBooking (file:///C:/Users/priya/OneDrive%20-%20Climate%20Collective%20Foundation/Desktop/fullstack_practice/hotel_booking/features/guest/booking/bookingController.js:85:30)","timestamp":"2026-08-13T04:13:39.086Z"}
{"level":"info","message":"New user registered: narang2305@gmail.com","timestamp":"2026-08-13T04:14:22.273Z"}
{"level":"info","message":"User logged in: narang2305@gmail.com","timestamp":"2026-08-13T04:14:28.486Z"}
{"level":"info","message":"User Profile Updated 6a7d449e406bd7f0a8b073a0","timestamp":"2026-08-13T04:15:47.299Z"}
{"level":"error","message":"ReferenceError: C:\\Users\\priya\\OneDrive - Climate Collective Foundation\\Desktop\\fullstack_practice\\hotel_booking\\views\\guest\\roomDetails.ejs:123\n    121|                             <h5 class=\"mb-3\">Book this room</h5>\r\n    122| \r\n >> 123|                             <form action=\"/api/guest/payment/<%booking._id%>\" method=\"get\">\r\n    124|                                 <input\r\n    125|                                     type=\"hidden\"\r\n    126|                                     name=\"roomId\"\r\n\nbooking is not defined\n    at eval (eval at compile (C:\\Users\\priya\\OneDrive - Climate Collective Foundation\\Desktop\\fullstack_practice\\hotel_booking\\node_modules\\ejs\\lib\\cjs\\ejs.js:607:18), <anonymous>:93:7)\n    at roomDetails (C:\\Users\\priya\\OneDrive - Climate Collective Foundation\\Desktop\\fullstack_practice\\hotel_booking\\node_modules\\ejs\\lib\\cjs\\ejs.js:643:23)\n    at tryHandleCache (C:\\Users\\priya\\OneDrive - Climate Collective Foundation\\Desktop\\fullstack_practice\\hotel_booking\\node_modules\\ejs\\lib\\cjs\\ejs.js:253:42)\n    at ejs.renderFile [as engine] (C:\\Users\\priya\\OneDrive - Climate Collective Foundation\\Desktop\\fullstack_practice\\hotel_booking\\node_modules\\ejs\\lib\\cjs\\ejs.js:444:12)\n    at View.render (C:\\Users\\priya\\OneDrive - Climate Collective Foundation\\Desktop\\fullstack_practice\\hotel_booking\\node_modules\\express\\lib\\view.js:139:8)\n    at tryRender (C:\\Users\\priya\\OneDrive - Climate Collective Foundation\\Desktop\\fullstack_practice\\hotel_booking\\node_modules\\express\\lib\\application.js:627:10)\n    at app.render (C:\\Users\\priya\\OneDrive - Climate Collective Foundation\\Desktop\\fullstack_practice\\hotel_booking\\node_modules\\express\\lib\\application.js:574:3)\n    at ServerResponse.render (C:\\Users\\priya\\OneDrive - Climate Collective Foundation\\Desktop\\fullstack_practice\\hotel_booking\\node_modules\\express\\lib\\response.js:923:7)\n    at res.render (C:\\Users\\priya\\OneDrive - Climate Collective Foundation\\Desktop\\fullstack_practice\\hotel_booking\\node_modules\\express-ejs-layouts\\lib\\express-layouts.js:77:18)\n    at roomController.roomDetailsPage (file:///C:/Users/priya/OneDrive%20-%20Climate%20Collective%20Foundation/Desktop/fullstack_practice/hotel_booking/features/guest/rooms/roomsController.js:52:24)","timestamp":"2026-08-13T04:56:17.795Z"}
{"level":"error","message":"ReferenceError: C:\\Users\\priya\\OneDrive - Climate Collective Foundation\\Desktop\\fullstack_practice\\hotel_booking\\views\\guest\\payment.ejs:33\n    31|                         <div class=\"d-flex justify-content-between mb-2\">\r\n    32|                             <span>Booking ID</span>\r\n >> 33|                             <strong><%= booking._id %></strong>\r\n    34|                         </div>\r\n    35| \r\n    36|                         <div class=\"d-flex justify-content-between mb-2\">\r\n\nbooking is not defined\n    at eval (eval at compile (C:\\Users\\priya\\OneDrive - Climate Collective Foundation\\Desktop\\fullstack_practice\\hotel_booking\\node_modules\\ejs\\lib\\cjs\\ejs.js:607:18), <anonymous>:27:26)\n    at payment (C:\\Users\\priya\\OneDrive - Climate Collective Foundation\\Desktop\\fullstack_practice\\hotel_booking\\node_modules\\ejs\\lib\\cjs\\ejs.js:643:23)\n    at tryHandleCache (C:\\Users\\priya\\OneDrive - Climate Collective Foundation\\Desktop\\fullstack_practice\\hotel_booking\\node_modules\\ejs\\lib\\cjs\\ejs.js:253:42)\n    at ejs.renderFile [as engine] (C:\\Users\\priya\\OneDrive - Climate Collective Foundation\\Desktop\\fullstack_practice\\hotel_booking\\node_modules\\ejs\\lib\\cjs\\ejs.js:444:12)\n    at View.render (C:\\Users\\priya\\OneDrive - Climate Collective Foundation\\Desktop\\fullstack_practice\\hotel_booking\\node_modules\\express\\lib\\view.js:139:8)\n    at tryRender (C:\\Users\\priya\\OneDrive - Climate Collective Foundation\\Desktop\\fullstack_practice\\hotel_booking\\node_modules\\express\\lib\\application.js:627:10)\n    at app.render (C:\\Users\\priya\\OneDrive - Climate Collective Foundation\\Desktop\\fullstack_practice\\hotel_booking\\node_modules\\express\\lib\\application.js:574:3)\n    at ServerResponse.render (C:\\Users\\priya\\OneDrive - Climate Collective Foundation\\Desktop\\fullstack_practice\\hotel_booking\\node_modules\\express\\lib\\response.js:923:7)\n    at res.render (C:\\Users\\priya\\OneDrive - Climate Collective Foundation\\Desktop\\fullstack_practice\\hotel_booking\\node_modules\\express-ejs-layouts\\lib\\express-layouts.js:77:18)\n    at paymentController.getPaymentPage (file:///C:/Users/priya/OneDrive%20-%20Climate%20Collective%20Foundation/Desktop/fullstack_practice/hotel_booking/features/guest/payment/paymentController.js:32:20)","timestamp":"2026-08-13T04:57:17.121Z"}
{"level":"error","message":"ReferenceError: C:\\Users\\priya\\OneDrive - Climate Collective Foundation\\Desktop\\fullstack_practice\\hotel_booking\\views\\guest\\payment.ejs:39\n    37|                             <span>Check-in</span>\r\n    38|                             <strong>\r\n >> 39|                                 <%= new Date(booking.checkIn).toLocaleDateString() %>\r\n    40|                             </strong>\r\n    41|                         </div>\r\n    42| \r\n\nbooking is not defined\n    at eval (eval at compile (C:\\Users\\priya\\OneDrive - Climate Collective Foundation\\Desktop\\fullstack_practice\\hotel_booking\\node_modules\\ejs\\lib\\cjs\\ejs.js:607:18), <anonymous>:27:35)\n    at payment (C:\\Users\\priya\\OneDrive - Climate Collective Foundation\\Desktop\\fullstack_practice\\hotel_booking\\node_modules\\ejs\\lib\\cjs\\ejs.js:643:23)\n    at tryHandleCache (C:\\Users\\priya\\OneDrive - Climate Collective Foundation\\Desktop\\fullstack_practice\\hotel_booking\\node_modules\\ejs\\lib\\cjs\\ejs.js:253:42)\n    at ejs.renderFile [as engine] (C:\\Users\\priya\\OneDrive - Climate Collective Foundation\\Desktop\\fullstack_practice\\hotel_booking\\node_modules\\ejs\\lib\\cjs\\ejs.js:444:12)\n    at View.render (C:\\Users\\priya\\OneDrive - Climate Collective Foundation\\Desktop\\fullstack_practice\\hotel_booking\\node_modules\\express\\lib\\view.js:139:8)\n    at tryRender (C:\\Users\\priya\\OneDrive - Climate Collective Foundation\\Desktop\\fullstack_practice\\hotel_booking\\node_modules\\express\\lib\\application.js:627:10)\n    at app.render (C:\\Users\\priya\\OneDrive - Climate Collective Foundation\\Desktop\\fullstack_practice\\hotel_booking\\node_modules\\express\\lib\\application.js:574:3)\n    at ServerResponse.render (C:\\Users\\priya\\OneDrive - Climate Collective Foundation\\Desktop\\fullstack_practice\\hotel_booking\\node_modules\\express\\lib\\response.js:923:7)\n    at res.render (C:\\Users\\priya\\OneDrive - Climate Collective Foundation\\Desktop\\fullstack_practice\\hotel_booking\\node_modules\\express-ejs-layouts\\lib\\express-layouts.js:77:18)\n    at paymentController.getPaymentPage (file:///C:/Users/priya/OneDrive%20-%20Climate%20Collective%20Foundation/Desktop/fullstack_practice/hotel_booking/features/guest/payment/paymentController.js:32:20)","timestamp":"2026-08-13T04:58:33.260Z"}
{"level":"warn","message":"No booking found against this undefined id","timestamp":"2026-08-13T05:01:58.791Z"}
{"level":"error","message":"ReferenceError: C:\\Users\\priya\\OneDrive - Climate Collective Foundation\\Desktop\\fullstack_practice\\hotel_booking\\views\\guest\\payment.ejs:34\n    32|                             <span>Room</span>\r\n    33|                             <strong>\r\n >> 34|                                 <%= room.roomType %>\r\n    35|                             </strong>\r\n    36|                         </div>\r\n    37| \r\n\nroom is not defined\n    at eval (eval at compile (C:\\Users\\priya\\OneDrive - Climate Collective Foundation\\Desktop\\fullstack_practice\\hotel_booking\\node_modules\\ejs\\lib\\cjs\\ejs.js:607:18), <anonymous>:27:26)\n    at payment (C:\\Users\\priya\\OneDrive - Climate Collective Foundation\\Desktop\\fullstack_practice\\hotel_booking\\node_modules\\ejs\\lib\\cjs\\ejs.js:643:23)\n    at tryHandleCache (C:\\Users\\priya\\OneDrive - Climate Collective Foundation\\Desktop\\fullstack_practice\\hotel_booking\\node_modules\\ejs\\lib\\cjs\\ejs.js:253:42)\n    at ejs.renderFile [as engine] (C:\\Users\\priya\\OneDrive - Climate Collective Foundation\\Desktop\\fullstack_practice\\hotel_booking\\node_modules\\ejs\\lib\\cjs\\ejs.js:444:12)\n    at View.render (C:\\Users\\priya\\OneDrive - Climate Collective Foundation\\Desktop\\fullstack_practice\\hotel_booking\\node_modules\\express\\lib\\view.js:139:8)\n    at tryRender (C:\\Users\\priya\\OneDrive - Climate Collective Foundation\\Desktop\\fullstack_practice\\hotel_booking\\node_modules\\express\\lib\\application.js:627:10)\n    at app.render (C:\\Users\\priya\\OneDrive - Climate Collective Foundation\\Desktop\\fullstack_practice\\hotel_booking\\node_modules\\express\\lib\\application.js:574:3)\n    at ServerResponse.render (C:\\Users\\priya\\OneDrive - Climate Collective Foundation\\Desktop\\fullstack_practice\\hotel_booking\\node_modules\\express\\lib\\response.js:923:7)\n    at res.render (C:\\Users\\priya\\OneDrive - Climate Collective Foundation\\Desktop\\fullstack_practice\\hotel_booking\\node_modules\\express-ejs-layouts\\lib\\express-layouts.js:77:18)\n    at paymentController.createPayment (file:///C:/Users/priya/OneDrive%20-%20Climate%20Collective%20Foundation/Desktop/fullstack_practice/hotel_booking/features/guest/payment/paymentController.js:63:40)","timestamp":"2026-08-13T05:01:58.800Z"}
{"level":"error","message":"Wrong with db","timestamp":"2026-08-13T05:03:44.614Z"}
{"level":"error","message":"Error: Wrong with db\n    at paymentRepo.createPayment (file:///C:/Users/priya/OneDrive%20-%20Climate%20Collective%20Foundation/Desktop/fullstack_practice/hotel_booking/features/guest/payment/paymentRepository.js:14:19)\n    at process.processTicksAndRejections (node:internal/process/task_queues:103:5)\n    at async paymentController.createPayment (file:///C:/Users/priya/OneDrive%20-%20Climate%20Collective%20Foundation/Desktop/fullstack_practice/hotel_booking/features/guest/payment/paymentController.js:128:13)","timestamp":"2026-08-13T05:03:44.623Z"}
{"level":"error","message":"Wrong with db","timestamp":"2026-08-13T05:04:29.886Z"}
{"level":"error","message":"Error: Wrong with db\n    at paymentRepo.createPayment (file:///C:/Users/priya/OneDrive%20-%20Climate%20Collective%20Foundation/Desktop/fullstack_practice/hotel_booking/features/guest/payment/paymentRepository.js:16:19)\n    at process.processTicksAndRejections (node:internal/process/task_queues:103:5)\n    at async paymentController.createPayment (file:///C:/Users/priya/OneDrive%20-%20Climate%20Collective%20Foundation/Desktop/fullstack_practice/hotel_booking/features/guest/payment/paymentController.js:128:13)","timestamp":"2026-08-13T05:04:29.891Z"}
{"level":"info","message":"Booking created by guest 6a7d449e406bd7f0a8b073a0, booking 6a7d50e5c1133ff676ec9580","timestamp":"2026-08-13T05:06:45.620Z"}
{"level":"error","message":"Wrong with db","timestamp":"2026-08-13T05:06:45.628Z"}
{"level":"error","message":"Error: Wrong with db\n    at paymentRepo.createPayment (file:///C:/Users/priya/OneDrive%20-%20Climate%20Collective%20Foundation/Desktop/fullstack_practice/hotel_booking/features/guest/payment/paymentRepository.js:16:19)\n    at process.processTicksAndRejections (node:internal/process/task_queues:103:5)\n    at async paymentController.createPayment (file:///C:/Users/priya/OneDrive%20-%20Climate%20Collective%20Foundation/Desktop/fullstack_practice/hotel_booking/features/guest/payment/paymentController.js:155:13)","timestamp":"2026-08-13T05:06:45.630Z"}
{"level":"info","message":"Booking created by guest 6a7d449e406bd7f0a8b073a0, booking 6a7d510f9ae5a75fe6341bf0","timestamp":"2026-08-13T05:07:27.722Z"}
{"level":"info","message":"Payment created by guest 6a7d449e406bd7f0a8b073a0 for booking 6a7d510f9ae5a75fe6341bf0","timestamp":"2026-08-13T05:07:27.779Z"}
{"level":"error","message":"this.bookingRepo.updateBookingStatus is not a function","timestamp":"2026-08-13T05:07:27.784Z"}
{"level":"error","message":"TypeError: this.bookingRepo.updateBookingStatus is not a function\n    at paymentController.createPayment (file:///C:/Users/priya/OneDrive%20-%20Climate%20Collective%20Foundation/Desktop/fullstack_practice/hotel_booking/features/guest/payment/paymentController.js:172:36)\n    at process.processTicksAndRejections (node:internal/process/task_queues:103:5)","timestamp":"2026-08-13T05:07:27.786Z"}
{"level":"info","message":"Booking created by guest 6a7d449e406bd7f0a8b073a0, booking 6a7d513c3f9aa756807ef498","timestamp":"2026-08-13T05:08:12.388Z"}
{"level":"info","message":"Payment created by guest 6a7d449e406bd7f0a8b073a0 for booking 6a7d513c3f9aa756807ef498","timestamp":"2026-08-13T05:08:12.430Z"}
{"level":"error","message":"this.bookingRepo.updateBookingStatus is not a function","timestamp":"2026-08-13T05:08:12.431Z"}
{"level":"error","message":"TypeError: this.bookingRepo.updateBookingStatus is not a function\n    at paymentController.createPayment (file:///C:/Users/priya/OneDrive%20-%20Climate%20Collective%20Foundation/Desktop/fullstack_practice/hotel_booking/features/guest/payment/paymentController.js:172:36)\n    at process.processTicksAndRejections (node:internal/process/task_queues:103:5)","timestamp":"2026-08-13T05:08:12.433Z"}
{"level":"info","message":"Booking created by guest 6a7d449e406bd7f0a8b073a0, booking 6a7d51e448d3eb6941292a27","timestamp":"2026-08-13T05:11:01.001Z"}
{"level":"info","message":"Payment created by guest 6a7d449e406bd7f0a8b073a0 for booking 6a7d51e448d3eb6941292a27","timestamp":"2026-08-13T05:11:01.036Z"}
{"level":"error","message":"Error: Failed to lookup view \"guest/paymentSuccess\" in views directory \"./views\"\n    at app.render (C:\\Users\\priya\\OneDrive - Climate Collective Foundation\\Desktop\\fullstack_practice\\hotel_booking\\node_modules\\express\\lib\\application.js:562:17)\n    at ServerResponse.render (C:\\Users\\priya\\OneDrive - Climate Collective Foundation\\Desktop\\fullstack_practice\\hotel_booking\\node_modules\\express\\lib\\response.js:923:7)\n    at res.render (C:\\Users\\priya\\OneDrive - Climate Collective Foundation\\Desktop\\fullstack_practice\\hotel_booking\\node_modules\\express-ejs-layouts\\lib\\express-layouts.js:77:18)\n    at paymentController.createPayment (file:///C:/Users/priya/OneDrive%20-%20Climate%20Collective%20Foundation/Desktop/fullstack_practice/hotel_booking/features/guest/payment/paymentController.js:183:20)\n    at process.processTicksAndRejections (node:internal/process/task_queues:103:5)","timestamp":"2026-08-13T05:11:01.067Z"}
{"level":"info","message":"Booking created by guest 6a7d449e406bd7f0a8b073a0, booking 6a7d522c3354a6811e5d64f8","timestamp":"2026-08-13T05:12:12.450Z"}
{"level":"error","message":"Wrong with db","timestamp":"2026-08-13T05:12:12.458Z"}
{"level":"error","message":"Error: Wrong with db\n    at paymentRepo.createPayment (file:///C:/Users/priya/OneDrive%20-%20Climate%20Collective%20Foundation/Desktop/fullstack_practice/hotel_booking/features/guest/payment/paymentRepository.js:16:19)\n    at process.processTicksAndRejections (node:internal/process/task_queues:103:5)\n    at async paymentController.createPayment (file:///C:/Users/priya/OneDrive%20-%20Climate%20Collective%20Foundation/Desktop/fullstack_practice/hotel_booking/features/guest/payment/paymentController.js:155:13)","timestamp":"2026-08-13T05:12:12.458Z"}
{"level":"info","message":"Booking created by guest 6a7d449e406bd7f0a8b073a0, booking 6a7d52769173d59ad2da609b","timestamp":"2026-08-13T05:13:26.166Z"}
{"level":"info","message":"Payment created by guest 6a7d449e406bd7f0a8b073a0 for booking 6a7d52769173d59ad2da609b","timestamp":"2026-08-13T05:13:26.203Z"}
{"level":"info","message":"Booking created by guest 6a7d449e406bd7f0a8b073a0, booking 6a7d52a69173d59ad2da609d","timestamp":"2026-08-13T05:14:14.799Z"}
{"level":"info","message":"Payment created by guest 6a7d449e406bd7f0a8b073a0 for booking 6a7d52a69173d59ad2da609d","timestamp":"2026-08-13T05:14:14.834Z"}
{"level":"warn","message":"Room already booked","timestamp":"2026-08-13T05:17:09.076Z"}
{"level":"error","message":"Cannot access 'room' before initialization","timestamp":"2026-08-13T05:17:09.078Z"}
{"level":"error","message":"ReferenceError: Cannot access 'room' before initialization\n    at paymentController.createPayment (file:///C:/Users/priya/OneDrive%20-%20Climate%20Collective%20Foundation/Desktop/fullstack_practice/hotel_booking/features/guest/payment/paymentController.js:76:9)\n    at process.processTicksAndRejections (node:internal/process/task_queues:103:5)","timestamp":"2026-08-13T05:17:09.078Z"}
{"level":"warn","message":"Room already booked","timestamp":"2026-08-13T05:17:46.762Z"}
{"level":"info","message":"Booking created by guest 6a7d449e406bd7f0a8b073a0, booking 6a7d53d5390f8e38e7d4c8e9","timestamp":"2026-08-13T05:19:17.483Z"}
{"level":"info","message":"Payment created by guest 6a7d449e406bd7f0a8b073a0 for booking 6a7d53d5390f8e38e7d4c8e9","timestamp":"2026-08-13T05:19:17.519Z"}
{"level":"info","message":"Refund initiated for booking 6a7d53d5390f8e38e7d4c8e9","timestamp":"2026-08-13T05:30:21.155Z"}
{"level":"error","message":"this.userRepo.getBookingById is not a function","timestamp":"2026-08-13T05:37:31.809Z"}
{"level":"error","message":"TypeError: this.userRepo.getBookingById is not a function\n    at paymentController.payentRefund (file:///C:/Users/priya/OneDrive%20-%20Climate%20Collective%20Foundation/Desktop/fullstack_practice/hotel_booking/features/guest/payment/paymentController.js:230:36)\n    at process.processTicksAndRejections (node:internal/process/task_queues:103:5)","timestamp":"2026-08-13T05:37:31.812Z"}
{"level":"info","message":"Booking created by guest 6a7d449e406bd7f0a8b073a0, booking 6a7d5908d4f7874d4c9fa741","timestamp":"2026-08-13T05:41:29.138Z"}
{"level":"info","message":"Payment created by guest 6a7d449e406bd7f0a8b073a0 for booking 6a7d5908d4f7874d4c9fa741","timestamp":"2026-08-13T05:41:29.174Z"}
{"level":"info","message":"Booking 6a7d5908d4f7874d4c9fa741 cancelled by guest 6a7d449e406bd7f0a8b073a0","timestamp":"2026-08-13T05:41:36.168Z"}
{"level":"info","message":"Refund initiated for booking 6a7d5908d4f7874d4c9fa741","timestamp":"2026-08-13T05:41:36.168Z"}
{"level":"info","message":"Refund email sent to narang2305@gmail.com","timestamp":"2026-08-13T05:41:36.169Z"}
{"level":"info","message":"User logged out","timestamp":"2026-08-13T05:42:12.411Z"}
{"level":"info","message":"New user registered: supportshoehub@gmail.com","timestamp":"2026-08-13T05:42:36.319Z"}
{"level":"info","message":"User logged in: supportshoehub@gmail.com","timestamp":"2026-08-13T05:42:48.441Z"}
{"level":"info","message":"Booking created by guest 6a7d594cd4f7874d4c9fa743, booking 6a7d596a728a183734f41be7","timestamp":"2026-08-13T05:43:06.213Z"}
{"level":"info","message":"Payment created by guest 6a7d594cd4f7874d4c9fa743 for booking 6a7d596a728a183734f41be7","timestamp":"2026-08-13T05:43:06.252Z"}
{"level":"info","message":"Booking 6a7d596a728a183734f41be7 cancelled by guest 6a7d594cd4f7874d4c9fa743","timestamp":"2026-08-13T05:43:39.583Z"}
{"level":"info","message":"Refund initiated for booking 6a7d596a728a183734f41be7","timestamp":"2026-08-13T05:43:39.584Z"}
{"level":"info","message":"Refund email sent to supportshoehub@gmail.com","timestamp":"2026-08-13T05:43:39.585Z"}
{"level":"info","message":"Booking created by guest 6a7d594cd4f7874d4c9fa743, booking 6a7d5a097956a1a0449eb497","timestamp":"2026-08-13T05:45:45.888Z"}
{"level":"info","message":"Payment created by guest 6a7d594cd4f7874d4c9fa743 for booking 6a7d5a097956a1a0449eb497","timestamp":"2026-08-13T05:45:45.931Z"}
{"level":"info","message":"Booking 6a7d5a097956a1a0449eb497 cancelled by guest 6a7d594cd4f7874d4c9fa743","timestamp":"2026-08-13T05:49:00.916Z"}
{"level":"info","message":"Refund initiated for booking 6a7d5a097956a1a0449eb497","timestamp":"2026-08-13T05:49:00.920Z"}
{"level":"error","message":"Cancellation error: email is not defined","timestamp":"2026-08-13T05:49:00.922Z"}
{"level":"error","message":"ReferenceError: email is not defined\n    at cancelBooking (file:///C:/Users/priya/OneDrive%20-%20Climate%20Collective%20Foundation/Desktop/fullstack_practice/hotel_booking/emailService/emailServices.js:439:27)\n    at paymentController.payentRefund (file:///C:/Users/priya/OneDrive%20-%20Climate%20Collective%20Foundation/Desktop/fullstack_practice/hotel_booking/features/guest/payment/paymentController.js:285:19)\n    at process.processTicksAndRejections (node:internal/process/task_queues:103:5)","timestamp":"2026-08-13T05:49:00.923Z"}
{"level":"error","message":"bookingId is not defined","timestamp":"2026-08-13T05:50:53.167Z"}
{"level":"error","message":"ReferenceError: bookingId is not defined\n    at paymentController.getPaymentPage (file:///C:/Users/priya/OneDrive%20-%20Climate%20Collective%20Foundation/Desktop/fullstack_practice/hotel_booking/features/guest/payment/paymentController.js:43:54)\n    at process.processTicksAndRejections (node:internal/process/task_queues:103:5)","timestamp":"2026-08-13T05:50:53.172Z"}
{"level":"error","message":"email is not defined","timestamp":"2026-08-13T05:52:11.036Z"}
{"level":"error","message":"ReferenceError: email is not defined\n    at bookingConfirmation (file:///C:/Users/priya/OneDrive%20-%20Climate%20Collective%20Foundation/Desktop/fullstack_practice/hotel_booking/emailService/emailServices.js:84:27)\n    at paymentController.getPaymentPage (file:///C:/Users/priya/OneDrive%20-%20Climate%20Collective%20Foundation/Desktop/fullstack_practice/hotel_booking/features/guest/payment/paymentController.js:43:7)\n    at process.processTicksAndRejections (node:internal/process/task_queues:103:5)","timestamp":"2026-08-13T05:52:11.040Z"}
{"level":"info","message":"Booking created by guest 6a7d594cd4f7874d4c9fa743, booking 6a7d5beefd280ca972e7aee0","timestamp":"2026-08-13T05:53:50.838Z"}
{"level":"info","message":"Payment created by guest 6a7d594cd4f7874d4c9fa743 for booking 6a7d5beefd280ca972e7aee0","timestamp":"2026-08-13T05:53:50.876Z"}
{"level":"error","message":"Booking confirmation email failed: email is not defined","timestamp":"2026-08-13T05:53:50.961Z"}
{"level":"info","message":"Booking 6a7d5beefd280ca972e7aee0 cancelled by guest 6a7d594cd4f7874d4c9fa743","timestamp":"2026-08-13T05:54:20.526Z"}
{"level":"info","message":"Refund initiated for booking 6a7d5beefd280ca972e7aee0","timestamp":"2026-08-13T05:54:20.527Z"}
{"level":"info","message":"Refund email sent to supportshoehub@gmail.com","timestamp":"2026-08-13T05:54:20.529Z"}
{"level":"info","message":"Booking created by guest 6a7d594cd4f7874d4c9fa743, booking 6a7d5c85a0d3e7593a342a0a","timestamp":"2026-08-13T05:56:21.657Z"}
{"level":"info","message":"Payment created by guest 6a7d594cd4f7874d4c9fa743 for booking 6a7d5c85a0d3e7593a342a0a","timestamp":"2026-08-13T05:56:21.697Z"}
{"level":"info","message":"Booking confirmation email sent to supportshoehub@gmail.com","timestamp":"2026-08-13T05:56:24.632Z"}
{"level":"info","message":"Booking 6a7d5c85a0d3e7593a342a0a cancelled by guest 6a7d594cd4f7874d4c9fa743","timestamp":"2026-08-13T05:56:37.667Z"}
{"level":"info","message":"Refund initiated for booking 6a7d5c85a0d3e7593a342a0a","timestamp":"2026-08-13T05:56:37.668Z"}
{"level":"info","message":"Refund email sent to supportshoehub@gmail.com","timestamp":"2026-08-13T05:56:37.670Z"}
{"level":"info","message":"Booking created by guest 6a7d594cd4f7874d4c9fa743, booking 6a7d5d835cc44d89a6591f9b","timestamp":"2026-08-13T06:00:35.254Z"}
{"level":"info","message":"Payment created by guest 6a7d594cd4f7874d4c9fa743 for booking 6a7d5d835cc44d89a6591f9b","timestamp":"2026-08-13T06:00:35.293Z"}
{"level":"info","message":"Booking confirmation email sent to supportshoehub@gmail.com","timestamp":"2026-08-13T06:00:38.046Z"}
{"level":"info","message":"Booking 6a7d5d835cc44d89a6591f9b cancelled by guest 6a7d594cd4f7874d4c9fa743","timestamp":"2026-08-13T06:00:47.987Z"}
{"level":"info","message":"Simulated refund completed for booking 6a7d5d835cc44d89a6591f9b","timestamp":"2026-08-13T06:00:48.028Z"}
{"level":"info","message":"Refund amount: ₹85554","timestamp":"2026-08-13T06:00:48.029Z"}
{"level":"info","message":"Refund email sent to supportshoehub@gmail.com","timestamp":"2026-08-13T06:00:48.033Z"}
{"level":"info","message":"Booking created by guest 6a7d594cd4f7874d4c9fa743, booking 6a7d656f6a3c14e2ba215154","timestamp":"2026-08-13T06:34:23.294Z"}
{"level":"info","message":"Payment created by guest 6a7d594cd4f7874d4c9fa743 for booking 6a7d656f6a3c14e2ba215154","timestamp":"2026-08-13T06:34:23.335Z"}
{"level":"info","message":"Booking confirmation email sent to supportshoehub@gmail.com","timestamp":"2026-08-13T06:34:26.193Z"}
{"level":"info","message":"Booking 6a7d656f6a3c14e2ba215154 cancelled by guest 6a7d594cd4f7874d4c9fa743","timestamp":"2026-08-13T06:34:49.461Z"}
{"level":"info","message":"Simulated refund completed for booking 6a7d656f6a3c14e2ba215154","timestamp":"2026-08-13T06:34:49.534Z"}
{"level":"info","message":"Refund amount: ₹85554","timestamp":"2026-08-13T06:34:49.535Z"}
{"level":"info","message":"Refund email sent to supportshoehub@gmail.com","timestamp":"2026-08-13T06:34:49.538Z"}
{"level":"info","message":"Booking created by guest 6a7d594cd4f7874d4c9fa743, booking 6a7d66b5829409d4b982b8e3","timestamp":"2026-08-13T06:39:49.208Z"}
{"level":"info","message":"Payment created by guest 6a7d594cd4f7874d4c9fa743 for booking 6a7d66b5829409d4b982b8e3","timestamp":"2026-08-13T06:39:49.250Z"}
{"level":"info","message":"Booking confirmation email sent to supportshoehub@gmail.com","timestamp":"2026-08-13T06:39:52.781Z"}
{"level":"info","message":"Booking 6a7d66b5829409d4b982b8e3 cancelled by guest 6a7d594cd4f7874d4c9fa743","timestamp":"2026-08-13T06:40:05.548Z"}
{"level":"info","message":"Simulated refund completed for booking 6a7d66b5829409d4b982b8e3","timestamp":"2026-08-13T06:40:05.593Z"}
{"level":"info","message":"Refund amount: ₹109998","timestamp":"2026-08-13T06:40:05.597Z"}
{"level":"info","message":"Refund email sent to supportshoehub@gmail.com","timestamp":"2026-08-13T06:40:08.240Z"}
{"level":"info","message":"Booking created by guest 6a7d594cd4f7874d4c9fa743, booking 6a7d671d536f56d8a5b66b84","timestamp":"2026-08-13T06:41:33.168Z"}
{"level":"info","message":"Payment created by guest 6a7d594cd4f7874d4c9fa743 for booking 6a7d671d536f56d8a5b66b84","timestamp":"2026-08-13T06:41:33.208Z"}
{"level":"info","message":"Booking confirmation email sent to supportshoehub@gmail.com","timestamp":"2026-08-13T06:41:36.204Z"}
{"level":"info","message":"Booking 6a7d671d536f56d8a5b66b84 cancelled by guest 6a7d594cd4f7874d4c9fa743","timestamp":"2026-08-13T06:41:45.871Z"}
{"level":"info","message":"Simulated refund completed for booking 6a7d671d536f56d8a5b66b84","timestamp":"2026-08-13T06:41:45.916Z"}
{"level":"info","message":"Refund amount: ₹12222","timestamp":"2026-08-13T06:41:45.918Z"}
{"level":"info","message":"Refund email sent to supportshoehub@gmail.com","timestamp":"2026-08-13T06:41:49.106Z"}
{"level":"info","message":"Booking created by guest 6a7d594cd4f7874d4c9fa743, booking 6a7d6744536f56d8a5b66b86","timestamp":"2026-08-13T06:42:12.298Z"}
{"level":"info","message":"Payment created by guest 6a7d594cd4f7874d4c9fa743 for booking 6a7d6744536f56d8a5b66b86","timestamp":"2026-08-13T06:42:12.333Z"}
{"level":"info","message":"Booking confirmation email sent to supportshoehub@gmail.com","timestamp":"2026-08-13T06:42:14.910Z"}
{"level":"info","message":"Booking 6a7d6744536f56d8a5b66b86 cancelled by guest 6a7d594cd4f7874d4c9fa743","timestamp":"2026-08-13T06:42:26.807Z"}
{"level":"info","message":"No refund required for booking 6a7d6744536f56d8a5b66b86","timestamp":"2026-08-13T06:42:26.807Z"}
{"level":"error","message":"ReferenceError: C:\\Users\\priya\\OneDrive - Climate Collective Foundation\\Desktop\\fullstack_practice\\hotel_booking\\views\\admin\\payment.ejs:14\n    12|         <div>\r\n    13|             <span class=\"badge bg-primary px-3 py-2\">\r\n >> 14|                 Total Payments: <%= payments.length %>\r\n    15|             </span>\r\n    16|         </div>\r\n    17|     </div>\r\n\npayments is not defined\n    at eval (eval at compile (C:\\Users\\priya\\OneDrive - Climate Collective Foundation\\Desktop\\fullstack_practice\\hotel_booking\\node_modules\\ejs\\lib\\cjs\\ejs.js:607:18), <anonymous>:12:26)\n    at payment (C:\\Users\\priya\\OneDrive - Climate Collective Foundation\\Desktop\\fullstack_practice\\hotel_booking\\node_modules\\ejs\\lib\\cjs\\ejs.js:643:23)\n    at tryHandleCache (C:\\Users\\priya\\OneDrive - Climate Collective Foundation\\Desktop\\fullstack_practice\\hotel_booking\\node_modules\\ejs\\lib\\cjs\\ejs.js:253:42)\n    at ejs.renderFile [as engine] (C:\\Users\\priya\\OneDrive - Climate Collective Foundation\\Desktop\\fullstack_practice\\hotel_booking\\node_modules\\ejs\\lib\\cjs\\ejs.js:444:12)\n    at View.render (C:\\Users\\priya\\OneDrive - Climate Collective Foundation\\Desktop\\fullstack_practice\\hotel_booking\\node_modules\\express\\lib\\view.js:139:8)\n    at tryRender (C:\\Users\\priya\\OneDrive - Climate Collective Foundation\\Desktop\\fullstack_practice\\hotel_booking\\node_modules\\express\\lib\\application.js:627:10)\n    at app.render (C:\\Users\\priya\\OneDrive - Climate Collective Foundation\\Desktop\\fullstack_practice\\hotel_booking\\node_modules\\express\\lib\\application.js:574:3)\n    at ServerResponse.render (C:\\Users\\priya\\OneDrive - Climate Collective Foundation\\Desktop\\fullstack_practice\\hotel_booking\\node_modules\\express\\lib\\response.js:923:7)\n    at res.render (C:\\Users\\priya\\OneDrive - Climate Collective Foundation\\Desktop\\fullstack_practice\\hotel_booking\\node_modules\\express-ejs-layouts\\lib\\express-layouts.js:77:18)\n    at paymentController.getAllPayemnts (file:///C:/Users/priya/OneDrive%20-%20Climate%20Collective%20Foundation/Desktop/fullstack_practice/hotel_booking/features/admin/payment/paymentController.js:12:20)","timestamp":"2026-08-13T10:52:50.979Z"}
{"level":"info","message":"Booking created by guest 6a7d594cd4f7874d4c9fa743, booking 6a7da2e1adb68aa5d62b88dd","timestamp":"2026-08-13T10:56:33.110Z"}
{"level":"info","message":"Payment created by guest 6a7d594cd4f7874d4c9fa743 for booking 6a7da2e1adb68aa5d62b88dd","timestamp":"2026-08-13T10:56:33.161Z"}
{"level":"info","message":"Booking confirmation email sent to supportshoehub@gmail.com","timestamp":"2026-08-13T10:56:37.015Z"}
{"level":"info","message":"Cancelled for this 6a7da2e1adb68aa5d62b88dd id have been updated","timestamp":"2026-08-13T10:59:10.551Z"}
{"level":"error","message":"ReferenceError: C:\\Users\\priya\\OneDrive - Climate Collective Foundation\\Desktop\\fullstack_practice\\hotel_booking\\views\\admin\\payment.ejs:191\n    189|                         class=\"form-control\"\r\n    190|                         placeholder=\"Search payment...\"\r\n >> 191|                         value=\"<%= search || '' %>\"\r\n    192|                     >\r\n    193| \r\n    194|                     <button\r\n\nsearch is not defined\n    at eval (eval at compile (C:\\Users\\priya\\OneDrive - Climate Collective Foundation\\Desktop\\fullstack_practice\\hotel_booking\\node_modules\\ejs\\lib\\cjs\\ejs.js:607:18), <anonymous>:36:26)\n    at payment (C:\\Users\\priya\\OneDrive - Climate Collective Foundation\\Desktop\\fullstack_practice\\hotel_booking\\node_modules\\ejs\\lib\\cjs\\ejs.js:643:23)\n    at tryHandleCache (C:\\Users\\priya\\OneDrive - Climate Collective Foundation\\Desktop\\fullstack_practice\\hotel_booking\\node_modules\\ejs\\lib\\cjs\\ejs.js:253:42)\n    at ejs.renderFile [as engine] (C:\\Users\\priya\\OneDrive - Climate Collective Foundation\\Desktop\\fullstack_practice\\hotel_booking\\node_modules\\ejs\\lib\\cjs\\ejs.js:444:12)\n    at View.render (C:\\Users\\priya\\OneDrive - Climate Collective Foundation\\Desktop\\fullstack_practice\\hotel_booking\\node_modules\\express\\lib\\view.js:139:8)\n    at tryRender (C:\\Users\\priya\\OneDrive - Climate Collective Foundation\\Desktop\\fullstack_practice\\hotel_booking\\node_modules\\express\\lib\\application.js:627:10)\n    at app.render (C:\\Users\\priya\\OneDrive - Climate Collective Foundation\\Desktop\\fullstack_practice\\hotel_booking\\node_modules\\express\\lib\\application.js:574:3)\n    at ServerResponse.render (C:\\Users\\priya\\OneDrive - Climate Collective Foundation\\Desktop\\fullstack_practice\\hotel_booking\\node_modules\\express\\lib\\response.js:923:7)\n    at res.render (C:\\Users\\priya\\OneDrive - Climate Collective Foundation\\Desktop\\fullstack_practice\\hotel_booking\\node_modules\\express-ejs-layouts\\lib\\express-layouts.js:77:18)\n    at paymentController.getAllPayemnts (file:///C:/Users/priya/OneDrive%20-%20Climate%20Collective%20Foundation/Desktop/fullstack_practice/hotel_booking/features/admin/payment/paymentController.js:17:20)","timestamp":"2026-08-13T11:25:49.985Z"}
{"level":"info","message":"Simulated refund completed by admin 6a7d441d406bd7f0a8b0739c for booking 6a7da2e1adb68aa5d62b88dd","timestamp":"2026-08-13T11:28:02.729Z"}
{"level":"info","message":"Refund amount: ₹24444","timestamp":"2026-08-13T11:28:02.733Z"}
{"level":"info","message":"Refund email sent to supportshoehub@gmail.com","timestamp":"2026-08-13T11:28:05.671Z"}
{"level":"info","message":"Booking created by guest 6a7d594cd4f7874d4c9fa743, booking 6a7daa785a156cd1d163a954","timestamp":"2026-08-13T11:28:56.897Z"}
{"level":"info","message":"Payment created by guest 6a7d594cd4f7874d4c9fa743 for booking 6a7daa785a156cd1d163a954","timestamp":"2026-08-13T11:28:56.935Z"}
{"level":"info","message":"Booking confirmation email sent to supportshoehub@gmail.com","timestamp":"2026-08-13T11:28:59.561Z"}
{"level":"info","message":"Cancelled for this 6a7daa785a156cd1d163a954 id have been updated","timestamp":"2026-08-13T11:29:24.547Z"}
{"level":"error","message":"Wrong with db","timestamp":"2026-08-13T12:21:20.083Z"}
{"level":"error","message":"Error: Wrong with db\n    at paymentRepo.searchPayment (file:///C:/Users/priya/OneDrive%20-%20Climate%20Collective%20Foundation/Desktop/fullstack_practice/hotel_booking/features/admin/payment/paymentRepository.js:39:11)\n    at process.processTicksAndRejections (node:internal/process/task_queues:103:5)\n    at async paymentController.searchPayment (file:///C:/Users/priya/OneDrive%20-%20Climate%20Collective%20Foundation/Desktop/fullstack_practice/hotel_booking/features/admin/payment/paymentController.js:178:18)","timestamp":"2026-08-13T12:21:20.087Z"}
{"level":"error","message":"ReferenceError: C:\\Users\\priya\\OneDrive - Climate Collective Foundation\\Desktop\\fullstack_practice\\hotel_booking\\views\\admin\\payment.ejs:84\n    82|                         class=\"form-control\"\r\n    83|                         placeholder=\"Search by booking ID...\"\r\n >> 84|                         value=\"<%= bookingId || '' %>\"\r\n    85|                     >\r\n    86|                     <button type=\"submit\" class=\"btn btn-primary\">\r\n    87|                         <i class=\"bi bi-search\"></i>\r\n\nbookingId is not defined\n    at eval (eval at compile (C:\\Users\\priya\\OneDrive - Climate Collective Foundation\\Desktop\\fullstack_practice\\hotel_booking\\node_modules\\ejs\\lib\\cjs\\ejs.js:607:18), <anonymous>:35:26)\n    at payment (C:\\Users\\priya\\OneDrive - Climate Collective Foundation\\Desktop\\fullstack_practice\\hotel_booking\\node_modules\\ejs\\lib\\cjs\\ejs.js:643:23)\n    at tryHandleCache (C:\\Users\\priya\\OneDrive - Climate Collective Foundation\\Desktop\\fullstack_practice\\hotel_booking\\node_modules\\ejs\\lib\\cjs\\ejs.js:253:42)\n    at ejs.renderFile [as engine] (C:\\Users\\priya\\OneDrive - Climate Collective Foundation\\Desktop\\fullstack_practice\\hotel_booking\\node_modules\\ejs\\lib\\cjs\\ejs.js:444:12)\n    at View.render (C:\\Users\\priya\\OneDrive - Climate Collective Foundation\\Desktop\\fullstack_practice\\hotel_booking\\node_modules\\express\\lib\\view.js:139:8)\n    at tryRender (C:\\Users\\priya\\OneDrive - Climate Collective Foundation\\Desktop\\fullstack_practice\\hotel_booking\\node_modules\\express\\lib\\application.js:627:10)\n    at app.render (C:\\Users\\priya\\OneDrive - Climate Collective Foundation\\Desktop\\fullstack_practice\\hotel_booking\\node_modules\\express\\lib\\application.js:574:3)\n    at ServerResponse.render (C:\\Users\\priya\\OneDrive - Climate Collective Foundation\\Desktop\\fullstack_practice\\hotel_booking\\node_modules\\express\\lib\\response.js:923:7)\n    at res.render (C:\\Users\\priya\\OneDrive - Climate Collective Foundation\\Desktop\\fullstack_practice\\hotel_booking\\node_modules\\express-ejs-layouts\\lib\\express-layouts.js:77:18)\n    at paymentController.getAllPayemnts (file:///C:/Users/priya/OneDrive%20-%20Climate%20Collective%20Foundation/Desktop/fullstack_practice/hotel_booking/features/admin/payment/paymentController.js:17:20)","timestamp":"2026-08-13T12:24:08.239Z"}
{"level":"error","message":"ReferenceError: C:\\Users\\priya\\OneDrive - Climate Collective Foundation\\Desktop\\fullstack_practice\\hotel_booking\\views\\admin\\payment.ejs:84\n    82|                         class=\"form-control\"\r\n    83|                         placeholder=\"Search by booking ID...\"\r\n >> 84|                         value=\"<%= bookingId || '' %>\"\r\n    85|                     >\r\n    86|                     <button type=\"submit\" class=\"btn btn-primary\">\r\n    87|                         <i class=\"bi bi-search\"></i>\r\n\nbookingId is not defined\n    at eval (eval at compile (C:\\Users\\priya\\OneDrive - Climate Collective Foundation\\Desktop\\fullstack_practice\\hotel_booking\\node_modules\\ejs\\lib\\cjs\\ejs.js:607:18), <anonymous>:35:26)\n    at payment (C:\\Users\\priya\\OneDrive - Climate Collective Foundation\\Desktop\\fullstack_practice\\hotel_booking\\node_modules\\ejs\\lib\\cjs\\ejs.js:643:23)\n    at tryHandleCache (C:\\Users\\priya\\OneDrive - Climate Collective Foundation\\Desktop\\fullstack_practice\\hotel_booking\\node_modules\\ejs\\lib\\cjs\\ejs.js:253:42)\n    at ejs.renderFile [as engine] (C:\\Users\\priya\\OneDrive - Climate Collective Foundation\\Desktop\\fullstack_practice\\hotel_booking\\node_modules\\ejs\\lib\\cjs\\ejs.js:444:12)\n    at View.render (C:\\Users\\priya\\OneDrive - Climate Collective Foundation\\Desktop\\fullstack_practice\\hotel_booking\\node_modules\\express\\lib\\view.js:139:8)\n    at tryRender (C:\\Users\\priya\\OneDrive - Climate Collective Foundation\\Desktop\\fullstack_practice\\hotel_booking\\node_modules\\express\\lib\\application.js:627:10)\n    at app.render (C:\\Users\\priya\\OneDrive - Climate Collective Foundation\\Desktop\\fullstack_practice\\hotel_booking\\node_modules\\express\\lib\\application.js:574:3)\n    at ServerResponse.render (C:\\Users\\priya\\OneDrive - Climate Collective Foundation\\Desktop\\fullstack_practice\\hotel_booking\\node_modules\\express\\lib\\response.js:923:7)\n    at res.render (C:\\Users\\priya\\OneDrive - Climate Collective Foundation\\Desktop\\fullstack_practice\\hotel_booking\\node_modules\\express-ejs-layouts\\lib\\express-layouts.js:77:18)\n    at paymentController.getAllPayemnts (file:///C:/Users/priya/OneDrive%20-%20Climate%20Collective%20Foundation/Desktop/fullstack_practice/hotel_booking/features/admin/payment/paymentController.js:17:20)","timestamp":"2026-08-13T12:25:34.588Z"}
{"level":"error","message":"ReferenceError: C:\\Users\\priya\\OneDrive - Climate Collective Foundation\\Desktop\\fullstack_practice\\hotel_booking\\views\\admin\\payment.ejs:84\n    82|                         class=\"form-control\"\r\n    83|                         placeholder=\"Search by booking ID...\"\r\n >> 84|                         value=\"<%= bookingId || '' %>\"\r\n    85|                     >\r\n    86|                     <button type=\"submit\" class=\"btn btn-primary\">\r\n    87|                         <i class=\"bi bi-search\"></i>\r\n\nbookingId is not defined\n    at eval (eval at compile (C:\\Users\\priya\\OneDrive - Climate Collective Foundation\\Desktop\\fullstack_practice\\hotel_booking\\node_modules\\ejs\\lib\\cjs\\ejs.js:607:18), <anonymous>:35:26)\n    at payment (C:\\Users\\priya\\OneDrive - Climate Collective Foundation\\Desktop\\fullstack_practice\\hotel_booking\\node_modules\\ejs\\lib\\cjs\\ejs.js:643:23)\n    at tryHandleCache (C:\\Users\\priya\\OneDrive - Climate Collective Foundation\\Desktop\\fullstack_practice\\hotel_booking\\node_modules\\ejs\\lib\\cjs\\ejs.js:253:42)\n    at ejs.renderFile [as engine] (C:\\Users\\priya\\OneDrive - Climate Collective Foundation\\Desktop\\fullstack_practice\\hotel_booking\\node_modules\\ejs\\lib\\cjs\\ejs.js:444:12)\n    at View.render (C:\\Users\\priya\\OneDrive - Climate Collective Foundation\\Desktop\\fullstack_practice\\hotel_booking\\node_modules\\express\\lib\\view.js:139:8)\n    at tryRender (C:\\Users\\priya\\OneDrive - Climate Collective Foundation\\Desktop\\fullstack_practice\\hotel_booking\\node_modules\\express\\lib\\application.js:627:10)\n    at app.render (C:\\Users\\priya\\OneDrive - Climate Collective Foundation\\Desktop\\fullstack_practice\\hotel_booking\\node_modules\\express\\lib\\application.js:574:3)\n    at ServerResponse.render (C:\\Users\\priya\\OneDrive - Climate Collective Foundation\\Desktop\\fullstack_practice\\hotel_booking\\node_modules\\express\\lib\\response.js:923:7)\n    at res.render (C:\\Users\\priya\\OneDrive - Climate Collective Foundation\\Desktop\\fullstack_practice\\hotel_booking\\node_modules\\express-ejs-layouts\\lib\\express-layouts.js:77:18)\n    at paymentController.getAllPayemnts (file:///C:/Users/priya/OneDrive%20-%20Climate%20Collective%20Foundation/Desktop/fullstack_practice/hotel_booking/features/admin/payment/paymentController.js:17:20)","timestamp":"2026-08-13T12:26:19.839Z"}
{"level":"error","message":"ReferenceError: C:\\Users\\priya\\OneDrive - Climate Collective Foundation\\Desktop\\fullstack_practice\\hotel_booking\\views\\admin\\payment.ejs:84\n    82|                         class=\"form-control\"\r\n    83|                         placeholder=\"Search by booking ID...\"\r\n >> 84|                         value=\"<%= bookingId || '' %>\"\r\n    85|                     >\r\n    86|                     <button type=\"submit\" class=\"btn btn-primary\">\r\n    87|                         <i class=\"bi bi-search\"></i>\r\n\nbookingId is not defined\n    at eval (eval at compile (C:\\Users\\priya\\OneDrive - Climate Collective Foundation\\Desktop\\fullstack_practice\\hotel_booking\\node_modules\\ejs\\lib\\cjs\\ejs.js:607:18), <anonymous>:35:26)\n    at payment (C:\\Users\\priya\\OneDrive - Climate Collective Foundation\\Desktop\\fullstack_practice\\hotel_booking\\node_modules\\ejs\\lib\\cjs\\ejs.js:643:23)\n    at tryHandleCache (C:\\Users\\priya\\OneDrive - Climate Collective Foundation\\Desktop\\fullstack_practice\\hotel_booking\\node_modules\\ejs\\lib\\cjs\\ejs.js:253:42)\n    at ejs.renderFile [as engine] (C:\\Users\\priya\\OneDrive - Climate Collective Foundation\\Desktop\\fullstack_practice\\hotel_booking\\node_modules\\ejs\\lib\\cjs\\ejs.js:444:12)\n    at View.render (C:\\Users\\priya\\OneDrive - Climate Collective Foundation\\Desktop\\fullstack_practice\\hotel_booking\\node_modules\\express\\lib\\view.js:139:8)\n    at tryRender (C:\\Users\\priya\\OneDrive - Climate Collective Foundation\\Desktop\\fullstack_practice\\hotel_booking\\node_modules\\express\\lib\\application.js:627:10)\n    at app.render (C:\\Users\\priya\\OneDrive - Climate Collective Foundation\\Desktop\\fullstack_practice\\hotel_booking\\node_modules\\express\\lib\\application.js:574:3)\n    at ServerResponse.render (C:\\Users\\priya\\OneDrive - Climate Collective Foundation\\Desktop\\fullstack_practice\\hotel_booking\\node_modules\\express\\lib\\response.js:923:7)\n    at res.render (C:\\Users\\priya\\OneDrive - Climate Collective Foundation\\Desktop\\fullstack_practice\\hotel_booking\\node_modules\\express-ejs-layouts\\lib\\express-layouts.js:77:18)\n    at paymentController.getAllPayemnts (file:///C:/Users/priya/OneDrive%20-%20Climate%20Collective%20Foundation/Desktop/fullstack_practice/hotel_booking/features/admin/payment/paymentController.js:17:20)","timestamp":"2026-08-13T12:27:36.018Z"}
{"level":"error","message":"ReferenceError: C:\\Users\\priya\\OneDrive - Climate Collective Foundation\\Desktop\\fullstack_practice\\hotel_booking\\views\\admin\\payment.ejs:84\n    82|                         class=\"form-control\"\r\n    83|                         placeholder=\"Search by booking ID...\"\r\n >> 84|                         value=\"<%= bookingId || '' %>\"\r\n    85|                     >\r\n    86|                     <button type=\"submit\" class=\"btn btn-primary\">\r\n    87|                         <i class=\"bi bi-search\"></i>\r\n\nbookingId is not defined\n    at eval (eval at compile (C:\\Users\\priya\\OneDrive - Climate Collective Foundation\\Desktop\\fullstack_practice\\hotel_booking\\node_modules\\ejs\\lib\\cjs\\ejs.js:607:18), <anonymous>:35:26)\n    at payment (C:\\Users\\priya\\OneDrive - Climate Collective Foundation\\Desktop\\fullstack_practice\\hotel_booking\\node_modules\\ejs\\lib\\cjs\\ejs.js:643:23)\n    at tryHandleCache (C:\\Users\\priya\\OneDrive - Climate Collective Foundation\\Desktop\\fullstack_practice\\hotel_booking\\node_modules\\ejs\\lib\\cjs\\ejs.js:253:42)\n    at ejs.renderFile [as engine] (C:\\Users\\priya\\OneDrive - Climate Collective Foundation\\Desktop\\fullstack_practice\\hotel_booking\\node_modules\\ejs\\lib\\cjs\\ejs.js:444:12)\n    at View.render (C:\\Users\\priya\\OneDrive - Climate Collective Foundation\\Desktop\\fullstack_practice\\hotel_booking\\node_modules\\express\\lib\\view.js:139:8)\n    at tryRender (C:\\Users\\priya\\OneDrive - Climate Collective Foundation\\Desktop\\fullstack_practice\\hotel_booking\\node_modules\\express\\lib\\application.js:627:10)\n    at app.render (C:\\Users\\priya\\OneDrive - Climate Collective Foundation\\Desktop\\fullstack_practice\\hotel_booking\\node_modules\\express\\lib\\application.js:574:3)\n    at ServerResponse.render (C:\\Users\\priya\\OneDrive - Climate Collective Foundation\\Desktop\\fullstack_practice\\hotel_booking\\node_modules\\express\\lib\\response.js:923:7)\n    at res.render (C:\\Users\\priya\\OneDrive - Climate Collective Foundation\\Desktop\\fullstack_practice\\hotel_booking\\node_modules\\express-ejs-layouts\\lib\\express-layouts.js:77:18)\n    at paymentController.searchPayment (file:///C:/Users/priya/OneDrive%20-%20Climate%20Collective%20Foundation/Desktop/fullstack_practice/hotel_booking/features/admin/payment/paymentController.js:176:13)","timestamp":"2026-08-13T12:28:29.226Z"}
{"level":"error","message":"Wrong with db","timestamp":"2026-08-13T12:30:10.547Z"}
{"level":"error","message":"Error: Wrong with db\n    at paymentRepo.searchPayment (file:///C:/Users/priya/OneDrive%20-%20Climate%20Collective%20Foundation/Desktop/fullstack_practice/hotel_booking/features/admin/payment/paymentRepository.js:45:15)\n    at async paymentController.searchPayment (file:///C:/Users/priya/OneDrive%20-%20Climate%20Collective%20Foundation/Desktop/fullstack_practice/hotel_booking/features/admin/payment/paymentController.js:175:18)","timestamp":"2026-08-13T12:30:10.549Z"}
{"level":"info","message":"Admin Profile Updated 6a7d441d406bd7f0a8b0739c","timestamp":"2026-08-13T12:31:19.542Z"}
{"level":"info","message":"Booking created by guest 6a7d594cd4f7874d4c9fa743, booking 6a7db93444d7684c6380c302","timestamp":"2026-08-13T12:31:48.814Z"}
{"level":"info","message":"Payment created by guest 6a7d594cd4f7874d4c9fa743 for booking 6a7db93444d7684c6380c302","timestamp":"2026-08-13T12:31:48.854Z"}
{"level":"info","message":"Booking confirmation email sent to supportshoehub@gmail.com","timestamp":"2026-08-13T12:31:52.609Z"}
{"level":"info","message":"Completed for this 6a7db93444d7684c6380c302 id have been updated","timestamp":"2026-08-13T12:32:29.984Z"}
{"level":"info","message":"User logged out","timestamp":"2026-08-13T12:40:54.653Z"}
{"level":"info","message":"Admin logout","timestamp":"2026-08-13T12:40:59.245Z"}
{"level":"warn","message":"Invalid email id:narang2305@gmail.com","timestamp":"2026-08-13T12:41:01.596Z"}
{"level":"info","message":"Admin account created supportshoehub@gmail.com","timestamp":"2026-08-13T12:42:32.476Z"}
{"level":"info","message":"Admin login in: supportshoehub@gmail.com","timestamp":"2026-08-13T12:42:45.534Z"}
{"level":"info","message":"Hotel test in Goa created scucessfully ","timestamp":"2026-08-13T12:46:12.225Z"}
{"level":"info","message":"Room added successfully!","timestamp":"2026-08-13T12:49:40.473Z"}
{"level":"info","message":"New user registered: narang2305@gmail.com","timestamp":"2026-08-13T12:50:14.358Z"}
{"level":"info","message":"User logged in: narang2305@gmail.com","timestamp":"2026-08-13T12:50:19.641Z"}
{"level":"info","message":"Booking created by guest 6a7dbd865bece3fc72485ff9, booking 6a7dbdbb5bece3fc72485ffa","timestamp":"2026-08-13T12:51:07.909Z"}
{"level":"info","message":"Payment created by guest 6a7dbd865bece3fc72485ff9 for booking 6a7dbdbb5bece3fc72485ffa","timestamp":"2026-08-13T12:51:07.950Z"}
{"level":"info","message":"Booking confirmation email sent to narang2305@gmail.com","timestamp":"2026-08-13T12:51:10.766Z"}
{"level":"info","message":"Booking created by guest 6a7dbd865bece3fc72485ff9, booking 6a7dbe5a07e80d558db7de64","timestamp":"2026-08-13T12:53:46.113Z"}
{"level":"info","message":"Payment created by guest 6a7dbd865bece3fc72485ff9 for booking 6a7dbe5a07e80d558db7de64","timestamp":"2026-08-13T12:53:46.155Z"}
{"level":"info","message":"Booking confirmation email sent to narang2305@gmail.com","timestamp":"2026-08-13T12:53:49.905Z"}
{"level":"info","message":"Booking created by guest 6a7dbd865bece3fc72485ff9, booking 6a7dbeaba7a471446fcb572a","timestamp":"2026-08-13T12:55:07.700Z"}
{"level":"info","message":"Payment created by guest 6a7dbd865bece3fc72485ff9 for booking 6a7dbeaba7a471446fcb572a","timestamp":"2026-08-13T12:55:07.743Z"}
{"level":"info","message":"Booking confirmation email sent to narang2305@gmail.com","timestamp":"2026-08-13T12:55:10.700Z"}
{"level":"info","message":"Booking created by guest 6a7dbd865bece3fc72485ff9, booking 6a7dbf0bf704c2065cc810d3","timestamp":"2026-08-13T12:56:43.369Z"}
{"level":"info","message":"Payment created by guest 6a7dbd865bece3fc72485ff9 for booking 6a7dbf0bf704c2065cc810d3","timestamp":"2026-08-13T12:56:43.413Z"}
{"level":"info","message":"Booking confirmation email sent to narang2305@gmail.com","timestamp":"2026-08-13T12:56:46.239Z"}
{"level":"warn","message":"Past check-in date attempted by user 6a7dbd865bece3fc72485ff9: 2026-08-01","timestamp":"2026-08-13T13:00:31.759Z"}
{"level":"info","message":"Booking created by guest 6a7dbd865bece3fc72485ff9, booking 6a7dc04fe7db47d1c4231835","timestamp":"2026-08-13T13:02:07.114Z"}
{"level":"info","message":"Payment created by guest 6a7dbd865bece3fc72485ff9 for booking 6a7dc04fe7db47d1c4231835","timestamp":"2026-08-13T13:02:07.156Z"}
{"level":"info","message":"Booking confirmation email sent to narang2305@gmail.com","timestamp":"2026-08-13T13:02:10.138Z"}
{"level":"info","message":"Completed for this 6a7dc04fe7db47d1c4231835 id have been updated","timestamp":"2026-08-13T13:04:45.319Z"}
{"level":"info","message":"Booking created by guest 6a7dbd865bece3fc72485ff9, booking 6a7dc12ce7db47d1c4231837","timestamp":"2026-08-13T13:05:48.375Z"}
{"level":"info","message":"Payment created by guest 6a7dbd865bece3fc72485ff9 for booking 6a7dc12ce7db47d1c4231837","timestamp":"2026-08-13T13:05:48.424Z"}
{"level":"info","message":"Booking confirmation email sent to narang2305@gmail.com","timestamp":"2026-08-13T13:05:51.630Z"}
{"level":"info","message":"Booking 6a7dc12ce7db47d1c4231837 cancelled by guest 6a7dbd865bece3fc72485ff9","timestamp":"2026-08-13T13:06:07.390Z"}
{"level":"info","message":"No refund required for booking 6a7dc12ce7db47d1c4231837","timestamp":"2026-08-13T13:06:07.391Z"}
{"level":"info","message":"Booking created by guest 6a7dbd865bece3fc72485ff9, booking 6a7dc171e7db47d1c4231839","timestamp":"2026-08-13T13:06:57.225Z"}
{"level":"info","message":"Payment created by guest 6a7dbd865bece3fc72485ff9 for booking 6a7dc171e7db47d1c4231839","timestamp":"2026-08-13T13:06:57.262Z"}
{"level":"info","message":"Booking confirmation email sent to narang2305@gmail.com","timestamp":"2026-08-13T13:06:59.824Z"}
{"level":"info","message":"Destination added successfully!","timestamp":"2026-08-13T13:07:30.065Z"}
{"level":"info","message":"Destination added successfully!","timestamp":"2026-08-13T13:07:42.303Z"}
{"level":"info","message":"Admin Profile Updated 6a7dbbb85bece3fc72485ff6","timestamp":"2026-08-13T13:08:17.976Z"}
{"level":"error","message":"Invalid login: 535-5.7.8 Username and Password not accepted. For more information, go to\n535 5.7.8  https://support.google.com/mail/?p=BadCredentials 98e67ed59e1d1-3931db13c3bsm1170137a91.3 - gsmtp","timestamp":"2026-08-13T13:10:36.492Z"}
{"level":"error","message":"Error: Invalid login: 535-5.7.8 Username and Password not accepted. For more information, go to\n535 5.7.8  https://support.google.com/mail/?p=BadCredentials 98e67ed59e1d1-3931db13c3bsm1170137a91.3 - gsmtp\n    at SMTPConnection._formatError (C:\\Users\\priya\\OneDrive - Climate Collective Foundation\\Desktop\\fullstack_practice\\hotel_booking\\node_modules\\nodemailer\\lib\\smtp-connection\\index.js:938:19)\n    at SMTPConnection._actionAUTHComplete (C:\\Users\\priya\\OneDrive - Climate Collective Foundation\\Desktop\\fullstack_practice\\hotel_booking\\node_modules\\nodemailer\\lib\\smtp-connection\\index.js:1784:34)\n    at SMTPConnection.<anonymous> (C:\\Users\\priya\\OneDrive - Climate Collective Foundation\\Desktop\\fullstack_practice\\hotel_booking\\node_modules\\nodemailer\\lib\\smtp-connection\\index.js:669:26)\n    at SMTPConnection._processResponse (C:\\Users\\priya\\OneDrive - Climate Collective Foundation\\Desktop\\fullstack_practice\\hotel_booking\\node_modules\\nodemailer\\lib\\smtp-connection\\index.js:1150:20)\n    at SMTPConnection._onData (C:\\Users\\priya\\OneDrive - Climate Collective Foundation\\Desktop\\fullstack_practice\\hotel_booking\\node_modules\\nodemailer\\lib\\smtp-connection\\index.js:898:14)\n    at SMTPConnection._onSocketData (C:\\Users\\priya\\OneDrive - Climate Collective Foundation\\Desktop\\fullstack_practice\\hotel_booking\\node_modules\\nodemailer\\lib\\smtp-connection\\index.js:224:44)\n    at TLSSocket.emit (node:events:508:28)\n    at addChunk (node:internal/streams/readable:559:12)\n    at readableAddChunkPushByteMode (node:internal/streams/readable:510:3)\n    at Readable.push (node:internal/streams/readable:390:5)","timestamp":"2026-08-13T13:10:36.509Z"}
{"level":"error","message":"Invalid login: 535-5.7.8 Username and Password not accepted. For more information, go to\n535 5.7.8  https://support.google.com/mail/?p=BadCredentials d9443c01a7336-2d37c40d6a2sm9491335ad.47 - gsmtp","timestamp":"2026-08-13T13:10:52.880Z"}
{"level":"error","message":"Error: Invalid login: 535-5.7.8 Username and Password not accepted. For more information, go to\n535 5.7.8  https://support.google.com/mail/?p=BadCredentials d9443c01a7336-2d37c40d6a2sm9491335ad.47 - gsmtp\n    at SMTPConnection._formatError (C:\\Users\\priya\\OneDrive - Climate Collective Foundation\\Desktop\\fullstack_practice\\hotel_booking\\node_modules\\nodemailer\\lib\\smtp-connection\\index.js:938:19)\n    at SMTPConnection._actionAUTHComplete (C:\\Users\\priya\\OneDrive - Climate Collective Foundation\\Desktop\\fullstack_practice\\hotel_booking\\node_modules\\nodemailer\\lib\\smtp-connection\\index.js:1784:34)\n    at SMTPConnection.<anonymous> (C:\\Users\\priya\\OneDrive - Climate Collective Foundation\\Desktop\\fullstack_practice\\hotel_booking\\node_modules\\nodemailer\\lib\\smtp-connection\\index.js:669:26)\n    at SMTPConnection._processResponse (C:\\Users\\priya\\OneDrive - Climate Collective Foundation\\Desktop\\fullstack_practice\\hotel_booking\\node_modules\\nodemailer\\lib\\smtp-connection\\index.js:1150:20)\n    at SMTPConnection._onData (C:\\Users\\priya\\OneDrive - Climate Collective Foundation\\Desktop\\fullstack_practice\\hotel_booking\\node_modules\\nodemailer\\lib\\smtp-connection\\index.js:898:14)\n    at SMTPConnection._onSocketData (C:\\Users\\priya\\OneDrive - Climate Collective Foundation\\Desktop\\fullstack_practice\\hotel_booking\\node_modules\\nodemailer\\lib\\smtp-connection\\index.js:224:44)\n    at TLSSocket.emit (node:events:508:28)\n    at addChunk (node:internal/streams/readable:559:12)\n    at readableAddChunkPushByteMode (node:internal/streams/readable:510:3)\n    at Readable.push (node:internal/streams/readable:390:5)","timestamp":"2026-08-13T13:10:52.881Z"}
{"level":"error","message":"ReferenceError: C:\\Users\\priya\\OneDrive - Climate Collective Foundation\\Desktop\\fullstack_practice\\hotel_booking\\views\\guest\\payment.ejs:22\n    20|                         <div class=\"d-flex justify-content-between mb-2\">\r\n    21|                             <span>Room</span>\r\n >> 22|                             <strong><%= room.roomType %></strong>\r\n    23|                         </div>\r\n    24| \r\n    25|                         <div class=\"d-flex justify-content-between mb-2\">\r\n\nroom is not defined\n    at eval (eval at compile (C:\\Users\\priya\\OneDrive - Climate Collective Foundation\\Desktop\\fullstack_practice\\hotel_booking\\node_modules\\ejs\\lib\\cjs\\ejs.js:607:18), <anonymous>:27:26)\n    at payment (C:\\Users\\priya\\OneDrive - Climate Collective Foundation\\Desktop\\fullstack_practice\\hotel_booking\\node_modules\\ejs\\lib\\cjs\\ejs.js:643:23)\n    at tryHandleCache (C:\\Users\\priya\\OneDrive - Climate Collective Foundation\\Desktop\\fullstack_practice\\hotel_booking\\node_modules\\ejs\\lib\\cjs\\ejs.js:253:42)\n    at ejs.renderFile [as engine] (C:\\Users\\priya\\OneDrive - Climate Collective Foundation\\Desktop\\fullstack_practice\\hotel_booking\\node_modules\\ejs\\lib\\cjs\\ejs.js:444:12)\n    at View.render (C:\\Users\\priya\\OneDrive - Climate Collective Foundation\\Desktop\\fullstack_practice\\hotel_booking\\node_modules\\express\\lib\\view.js:139:8)\n    at tryRender (C:\\Users\\priya\\OneDrive - Climate Collective Foundation\\Desktop\\fullstack_practice\\hotel_booking\\node_modules\\express\\lib\\application.js:627:10)\n    at app.render (C:\\Users\\priya\\OneDrive - Climate Collective Foundation\\Desktop\\fullstack_practice\\hotel_booking\\node_modules\\express\\lib\\application.js:574:3)\n    at ServerResponse.render (C:\\Users\\priya\\OneDrive - Climate Collective Foundation\\Desktop\\fullstack_practice\\hotel_booking\\node_modules\\express\\lib\\response.js:923:7)\n    at res.render (C:\\Users\\priya\\OneDrive - Climate Collective Foundation\\Desktop\\fullstack_practice\\hotel_booking\\node_modules\\express-ejs-layouts\\lib\\express-layouts.js:77:18)\n    at paymentController.getPaymentPage (file:///C:/Users/priya/OneDrive%20-%20Climate%20Collective%20Foundation/Desktop/fullstack_practice/hotel_booking/features/guest/payment/paymentController.js:44:40)","timestamp":"2026-08-13T13:13:33.648Z"}
{"level":"error","message":"ReferenceError: C:\\Users\\priya\\OneDrive - Climate Collective Foundation\\Desktop\\fullstack_practice\\hotel_booking\\views\\guest\\payment.ejs:22\n    20|                         <div class=\"d-flex justify-content-between mb-2\">\r\n    21|                             <span>Room</span>\r\n >> 22|                             <strong><%= room.roomType %></strong>\r\n    23|                         </div>\r\n    24| \r\n    25|                         <div class=\"d-flex justify-content-between mb-2\">\r\n\nroom is not defined\n    at eval (eval at compile (C:\\Users\\priya\\OneDrive - Climate Collective Foundation\\Desktop\\fullstack_practice\\hotel_booking\\node_modules\\ejs\\lib\\cjs\\ejs.js:607:18), <anonymous>:27:26)\n    at payment (C:\\Users\\priya\\OneDrive - Climate Collective Foundation\\Desktop\\fullstack_practice\\hotel_booking\\node_modules\\ejs\\lib\\cjs\\ejs.js:643:23)\n    at tryHandleCache (C:\\Users\\priya\\OneDrive - Climate Collective Foundation\\Desktop\\fullstack_practice\\hotel_booking\\node_modules\\ejs\\lib\\cjs\\ejs.js:253:42)\n    at ejs.renderFile [as engine] (C:\\Users\\priya\\OneDrive - Climate Collective Foundation\\Desktop\\fullstack_practice\\hotel_booking\\node_modules\\ejs\\lib\\cjs\\ejs.js:444:12)\n    at View.render (C:\\Users\\priya\\OneDrive - Climate Collective Foundation\\Desktop\\fullstack_practice\\hotel_booking\\node_modules\\express\\lib\\view.js:139:8)\n    at tryRender (C:\\Users\\priya\\OneDrive - Climate Collective Foundation\\Desktop\\fullstack_practice\\hotel_booking\\node_modules\\express\\lib\\application.js:627:10)\n    at app.render (C:\\Users\\priya\\OneDrive - Climate Collective Foundation\\Desktop\\fullstack_practice\\hotel_booking\\node_modules\\express\\lib\\application.js:574:3)\n    at ServerResponse.render (C:\\Users\\priya\\OneDrive - Climate Collective Foundation\\Desktop\\fullstack_practice\\hotel_booking\\node_modules\\express\\lib\\response.js:923:7)\n    at res.render (C:\\Users\\priya\\OneDrive - Climate Collective Foundation\\Desktop\\fullstack_practice\\hotel_booking\\node_modules\\express-ejs-layouts\\lib\\express-layouts.js:77:18)\n    at paymentController.createPayment (file:///C:/Users/priya/OneDrive%20-%20Climate%20Collective%20Foundation/Desktop/fullstack_practice/hotel_booking/features/guest/payment/paymentController.js:130:36)","timestamp":"2026-08-14T05:22:29.456Z"}
{"level":"info","message":"Booking created by guest 6a7dbd865bece3fc72485ff9, booking 6a7ea62506a8b770cdc8b338","timestamp":"2026-08-14T05:22:45.270Z"}
{"level":"info","message":"Payment created by guest 6a7dbd865bece3fc72485ff9 for booking 6a7ea62506a8b770cdc8b338","timestamp":"2026-08-14T05:22:45.313Z"}
{"level":"info","message":"Booking confirmation email sent to narang2305@gmail.com","timestamp":"2026-08-14T05:22:49.340Z"}
{"level":"info","message":"Booking 6a7ea62506a8b770cdc8b338 cancelled by guest 6a7dbd865bece3fc72485ff9","timestamp":"2026-08-14T05:22:58.716Z"}
{"level":"info","message":"No refund required for booking 6a7ea62506a8b770cdc8b338","timestamp":"2026-08-14T05:22:58.718Z"}
{"level":"info","message":"User Profile Updated 6a7dbd865bece3fc72485ff9","timestamp":"2026-08-14T05:32:36.038Z"}
{"level":"info","message":"User Profile Updated 6a7dbd865bece3fc72485ff9","timestamp":"2026-08-14T05:32:48.789Z"}
{"level":"info","message":"Admin logout","timestamp":"2026-08-14T05:32:56.814Z"}
{"level":"info","message":"Admin logout","timestamp":"2026-08-14T05:33:30.374Z"}
{"level":"warn","message":"Invalid email id:supportshoehub@gmail.com","timestamp":"2026-08-14T05:34:09.543Z"}
{"level":"warn","message":"Invalid email id:narang2305@gmail.com","timestamp":"2026-08-14T05:34:11.869Z"}
{"level":"warn","message":"Admin already exists supportshoehub@gmail.com","timestamp":"2026-08-14T05:34:54.067Z"}
{"level":"warn","message":"Admin already exists supportshoehub@gmail.com","timestamp":"2026-08-14T05:35:26.354Z"}
{"level":"warn","message":"Invalid email id:narang2305@gmail.com","timestamp":"2026-08-14T05:36:28.307Z"}
{"level":"warn","message":"Password reset requested for unknown email: narang2305@gmail.com","timestamp":"2026-08-14T05:36:35.381Z"}
{"level":"info","message":"Admin account created narang2305@gmail.com","timestamp":"2026-08-14T05:37:33.488Z"}
{"level":"info","message":"Admin login in: narang2305@gmail.com","timestamp":"2026-08-14T05:37:39.114Z"}
{"level":"info","message":"User logged out","timestamp":"2026-08-14T05:43:07.628Z"}
{"level":"warn","message":"Login failed: User not found (supportshoehub@gmail.com)","timestamp":"2026-08-14T05:43:12.833Z"}
{"level":"info","message":"New user registered: supportshoehub@gmail.com","timestamp":"2026-08-14T05:43:42.199Z"}
{"level":"info","message":"User logged in: supportshoehub@gmail.com","timestamp":"2026-08-14T05:43:49.107Z"}
{"level":"error","message":"Wrong with db","timestamp":"2026-08-14T05:44:40.279Z"}
{"level":"error","message":"Error: Wrong with db\n    at bookingRepo.checkRoomAvailability (file:///C:/Users/priya/OneDrive%20-%20Climate%20Collective%20Foundation/Desktop/fullstack_practice/hotel_booking/features/guest/booking/bookingRepository.js:93:15)\n    at process.processTicksAndRejections (node:internal/process/task_queues:103:5)\n    at async paymentController.getPaymentPage (file:///C:/Users/priya/OneDrive%20-%20Climate%20Collective%20Foundation/Desktop/fullstack_practice/hotel_booking/features/guest/payment/paymentController.js:55:17)","timestamp":"2026-08-14T05:44:40.281Z"}
{"level":"info","message":"Admin Profile Updated 6a7ea99da0a1899a2b084e99","timestamp":"2026-08-14T05:46:01.253Z"}
{"level":"info","message":"Admin Profile Updated 6a7ea99da0a1899a2b084e99","timestamp":"2026-08-14T05:46:20.823Z"}
{"level":"info","message":"Admin logout","timestamp":"2026-08-14T05:53:20.903Z"}
{"level":"info","message":"Admin login in: narang2305@gmail.com","timestamp":"2026-08-14T05:53:22.715Z"}
{"level":"error","message":"Wrong with db","timestamp":"2026-08-14T06:03:06.605Z"}
{"level":"error","message":"Error: Wrong with db\n    at roomRepo.getAllRooms (file:///C:/Users/priya/OneDrive%20-%20Climate%20Collective%20Foundation/Desktop/fullstack_practice/hotel_booking/features/admin/rooms/roomsRepository.js:24:19)\n    at roomController.getAllRooms (file:///C:/Users/priya/OneDrive%20-%20Climate%20Collective%20Foundation/Desktop/fullstack_practice/hotel_booking/features/admin/rooms/roomsController.js:16:37)\n    at process.processTicksAndRejections (node:internal/process/task_queues:103:5)","timestamp":"2026-08-14T06:03:06.607Z"}
{"level":"error","message":"Wrong with db","timestamp":"2026-08-14T06:03:45.906Z"}
{"level":"error","message":"Error: Wrong with db\n    at roomRepo.getAllRooms (file:///C:/Users/priya/OneDrive%20-%20Climate%20Collective%20Foundation/Desktop/fullstack_practice/hotel_booking/features/admin/rooms/roomsRepository.js:25:19)\n    at roomController.getAllRooms (file:///C:/Users/priya/OneDrive%20-%20Climate%20Collective%20Foundation/Desktop/fullstack_practice/hotel_booking/features/admin/rooms/roomsController.js:16:37)\n    at process.processTicksAndRejections (node:internal/process/task_queues:103:5)","timestamp":"2026-08-14T06:03:45.908Z"}
{"level":"info","message":"Hotel SereneStay Hotels & Resorts -Relax. Recharge. Reconnect in Shimla created scucessfully ","timestamp":"2026-08-14T06:43:49.362Z"}
{"level":"error","message":"Wrong with db","timestamp":"2026-08-14T06:49:23.851Z"}
{"level":"error","message":"Error: Wrong with db\n    at roomRepo.addRoom (file:///C:/Users/priya/OneDrive%20-%20Climate%20Collective%20Foundation/Desktop/fullstack_practice/hotel_booking/features/admin/rooms/roomsRepository.js:13:19)\n    at process.processTicksAndRejections (node:internal/process/task_queues:103:5)\n    at async roomController.addRoom (file:///C:/Users/priya/OneDrive%20-%20Climate%20Collective%20Foundation/Desktop/fullstack_practice/hotel_booking/features/admin/rooms/roomsController.js:96:9)","timestamp":"2026-08-14T06:49:23.855Z"}
{"level":"info","message":"Room added successfully!","timestamp":"2026-08-14T06:56:20.197Z"}
{"level":"error","message":"Payment error: Wrong with db","timestamp":"2026-08-14T06:57:36.963Z"}
{"level":"error","message":"Error: Wrong with db\n    at bookingRepo.createBooking (file:///C:/Users/priya/OneDrive%20-%20Climate%20Collective%20Foundation/Desktop/fullstack_practice/hotel_booking/features/guest/booking/bookingRepository.js:23:19)\n    at process.processTicksAndRejections (node:internal/process/task_queues:103:5)\n    at async paymentController.createPayment (file:///C:/Users/priya/OneDrive%20-%20Climate%20Collective%20Foundation/Desktop/fullstack_practice/hotel_booking/features/guest/payment/paymentController.js:375:13)","timestamp":"2026-08-14T06:57:36.966Z"}
{"level":"error","message":"Payment error: Wrong with db","timestamp":"2026-08-14T06:58:24.142Z"}
{"level":"error","message":"Error: Wrong with db\n    at bookingRepo.createBooking (file:///C:/Users/priya/OneDrive%20-%20Climate%20Collective%20Foundation/Desktop/fullstack_practice/hotel_booking/features/guest/booking/bookingRepository.js:24:19)\n    at process.processTicksAndRejections (node:internal/process/task_queues:103:5)\n    at async paymentController.createPayment (file:///C:/Users/priya/OneDrive%20-%20Climate%20Collective%20Foundation/Desktop/fullstack_practice/hotel_booking/features/guest/payment/paymentController.js:375:13)","timestamp":"2026-08-14T06:58:24.145Z"}
{"level":"info","message":"Booking created by guest 6a7eab0ee1a1494a94f85dc4, booking 6a7ebd5784245fa0322d6cf5","timestamp":"2026-08-14T07:01:43.333Z"}
{"level":"error","message":"Payment error: Wrong with db","timestamp":"2026-08-14T07:01:43.341Z"}
{"level":"error","message":"Error: Wrong with db\n    at paymentRepo.createPayment (file:///C:/Users/priya/OneDrive%20-%20Climate%20Collective%20Foundation/Desktop/fullstack_practice/hotel_booking/features/guest/payment/paymentRepository.js:16:19)\n    at process.processTicksAndRejections (node:internal/process/task_queues:103:5)\n    at async paymentController.createPayment (file:///C:/Users/priya/OneDrive%20-%20Climate%20Collective%20Foundation/Desktop/fullstack_practice/hotel_booking/features/guest/payment/paymentController.js:458:13)","timestamp":"2026-08-14T07:01:43.343Z"}
{"level":"info","message":"Booking 6a7ebd5784245fa0322d6cf5 cancelled by guest 6a7eab0ee1a1494a94f85dc4","timestamp":"2026-08-14T07:02:45.699Z"}
{"level":"info","message":"No refund required for booking 6a7ebd5784245fa0322d6cf5","timestamp":"2026-08-14T07:02:45.704Z"}
{"level":"info","message":"Booking created by guest 6a7eab0ee1a1494a94f85dc4, booking 6a7ebda919a598230f5c9b91","timestamp":"2026-08-14T07:03:05.890Z"}
{"level":"info","message":"Payment created by guest 6a7eab0ee1a1494a94f85dc4 for booking 6a7ebda919a598230f5c9b91","timestamp":"2026-08-14T07:03:05.927Z"}
{"level":"info","message":"Booking confirmation email sent to supportshoehub@gmail.com","timestamp":"2026-08-14T07:03:10.100Z"}
{"level":"error","message":"ReferenceError: hotelId is not defined\n    at adminDashController.getDashboardPage (file:///C:/Users/priya/OneDrive%20-%20Climate%20Collective%20Foundation/Desktop/fullstack_practice/hotel_booking/features/admin/adminDashboard/adminDashboardController.js:31:55)\n    at process.processTicksAndRejections (node:internal/process/task_queues:103:5)","timestamp":"2026-08-14T07:12:39.704Z"}
{"level":"error","message":"ReferenceError: hotel is not defined\n    at adminDashController.getDashboardPage (file:///C:/Users/priya/OneDrive%20-%20Climate%20Collective%20Foundation/Desktop/fullstack_practice/hotel_booking/features/admin/adminDashboard/adminDashboardController.js:31:15)\n    at process.processTicksAndRejections (node:internal/process/task_queues:103:5)","timestamp":"2026-08-14T07:14:03.739Z"}
{"level":"info","message":"Feedback status update for 6a7ec214ffc6f82563da873d and message sent successfully thnx","timestamp":"2026-08-14T07:22:22.726Z"}
{"level":"info","message":"Completed for this 6a7ebda919a598230f5c9b91 id have been updated","timestamp":"2026-08-14T07:22:58.999Z"}
{"level":"info","message":"User logged out","timestamp":"2026-08-14T07:23:17.360Z"}
{"level":"info","message":"User logged in: narang2305@gmail.com","timestamp":"2026-08-14T07:23:22.989Z"}
{"level":"info","message":"User logged out","timestamp":"2026-08-14T07:23:34.545Z"}
{"level":"info","message":"Admin logout","timestamp":"2026-08-14T07:23:38.144Z"}
